n_amenageur;n_operateur;n_enseigne;id_station;n_station;ad_station;code_insee;Xlongitude;Ylatitude;nbre_pdc;id_pdc;puiss_max;type_prise;acces_recharge;accessibilite;observations;date_maj
Aix-Marseille-Provence;BOUYGUES ENERGIES ET SERVICES;MAMP;FR*M13*P13009*001;LA BARBEN - Route Des Feissiniers - Parking Tennis;Route Des Feissiniers - Parking Tennis 13330 LA BARBEN;13009;5,176413;43,629899;2;FR*M13*E13009*001*2;22;EF - T2;payant;24h/24 7j/7;Recharge par badge et avec une application smartphone;07/10/2020
Aix-Marseille-Provence;BOUYGUES ENERGIES ET SERVICES;MAMP;FR*M13*P13009*001;LA BARBEN - Route Des Feissiniers - Parking Tennis;Route Des Feissiniers - Parking Tennis 13330 LA BARBEN;13009;5,176413;43,629899;2;FR*M13*E13009*001*1;22;EF - T2;payant;24h/24 7j/7;Recharge par badge et avec une application smartphone;07/10/2020
Aix-Marseille-Provence;BOUYGUES ENERGIES ET SERVICES;MAMP;FR*M13*P13053*001;MALLEMORT - Parking De L'Auratoir;Parking De L'Auratoir 13370 MALLEMORT;13053;5,177512;43,728394;2;FR*M13*E13053*001*1;22;EF - T3;payant;24h/24 7j/7;Recharge par badge et avec une application smartphone;07/10/2020
Aix-Marseille-Provence;BOUYGUES ENERGIES ET SERVICES;MAMP;FR*M13*P13053*001;MALLEMORT - Parking De L'Auratoir;Parking De L'Auratoir 13370 MALLEMORT;13053;5,177512;43,728394;2;FR*M13*E13053*001*2;22;EF - T2;payant;24h/24 7j/7;Recharge par badge et avec une application smartphone;07/10/2020
Aix-Marseille-Provence;BOUYGUES ENERGIES ET SERVICES;MAMP;FR*M13*P13008*001;AURONS - Route De Pelissane;Route De Pelissane 13121 AURONS;13008;5,156308;43,663796;2;FR*M13*E13008*001*1;22;EF - T2;payant;24h/24 7j/7;Recharge par badge et avec une application smartphone;07/10/2020
Aix-Marseille-Provence;BOUYGUES ENERGIES ET SERVICES;MAMP;FR*M13*P13008*001;AURONS - Route De Pelissane;Route De Pelissane 13121 AURONS;13008;5,156308;43,663796;2;FR*M13*E13008*001*2;22;EF - T2;payant;24h/24 7j/7;Recharge par badge et avec une application smartphone;07/10/2020
Aix-Marseille-Provence;BOUYGUES ENERGIES ET SERVICES;MAMP;FR*M13*P13104*001;SAUSSET-LES-PINS - Place Des Droits De L'Homme;Place Des Droits De L'Homme 13960 SAUSSET-LES-PINS;13104;5,109004;43,332432;2;FR*M13*E13104*001*2;22;EF - T2;payant;24h/24 7j/7;Recharge par badge et avec une application smartphone;07/10/2020
Aix-Marseille-Provence;BOUYGUES ENERGIES ET SERVICES;MAMP;FR*M13*P13104*001;SAUSSET-LES-PINS - Place Des Droits De L'Homme;Place Des Droits De L'Homme 13960 SAUSSET-LES-PINS;13104;5,109004;43,332432;2;FR*M13*E13104*001*1;22;EF - T2;payant;24h/24 7j/7;Recharge par badge et avec une application smartphone;07/10/2020
Aix-Marseille-Provence;BOUYGUES ENERGIES ET SERVICES;MAMP;FR*M13*P13032*001;EGUILLES - Avenue Des Anciens Combattants;Avenue Des Anciens Combattants 13510 EGUILLES;13032;5,353442;43,571542;2;FR*M13*E13032*001*2;22;EF - T2;payant;24h/24 7j/7;Recharge par badge et avec une application smartphone;07/10/2020
Aix-Marseille-Provence;BOUYGUES ENERGIES ET SERVICES;MAMP;FR*M13*P13032*001;EGUILLES - Avenue Des Anciens Combattants;Avenue Des Anciens Combattants 13510 EGUILLES;13032;5,353442;43,571542;2;FR*M13*E13032*001*1;22;EF - T2;payant;24h/24 7j/7;Recharge par badge et avec une application smartphone;07/10/2020
Aix-Marseille-Provence;BOUYGUES ENERGIES ET SERVICES;MAMP;FR*M13*P13203*002;MARSEILLE-3E - 28 Rue Jobin;28 Rue Jobin 0 MARSEILLE-3E;13203;5,389845;43,309831;2;FR*M13*E13203*002*1;22;EF - T2;payant;24h/24 7j/7;Recharge par badge et avec une application smartphone;07/10/2020
Aix-Marseille-Provence;BOUYGUES ENERGIES ET SERVICES;MAMP;FR*M13*P13203*002;MARSEILLE-3E - 28 Rue Jobin;28 Rue Jobin 0 MARSEILLE-3E;13203;5,389845;43,309831;2;FR*M13*E13203*002*2;22;EF - T2;payant;24h/24 7j/7;Recharge par badge et avec une application smartphone;07/10/2020
Aix-Marseille-Provence;BOUYGUES ENERGIES ET SERVICES;MAMP;FR*M13*P13114*001;VENTABREN - Avenue Charles De Gaulle;Avenue Charles De Gaulle 13122 VENTABREN;13114;5,293237;43,54659;2;FR*M13*E13114*001*1;22;EF - T2;payant;24h/24 7j/7;Recharge par badge et avec une application smartphone;07/10/2020
Aix-Marseille-Provence;BOUYGUES ENERGIES ET SERVICES;MAMP;FR*M13*P13114*001;VENTABREN - Avenue Charles De Gaulle;Avenue Charles De Gaulle 13122 VENTABREN;13114;5,293237;43,54659;2;FR*M13*E13114*001*2;22;EF - T2;payant;24h/24 7j/7;Recharge par badge et avec une application smartphone;07/10/2020
Aix-Marseille-Provence;BOUYGUES ENERGIES ET SERVICES;MAMP;FR*M13*P13055*001;MARSEILLE - Parking Relais Einstein;Parking Relais Einstein 13000 MARSEILLE;13055;5,448569;43,345406;2;FR*M13*E13055*001*2;4;EF;payant;24h/24 7j/7;Recharge par badge et avec une application smartphone;07/10/2020
Aix-Marseille-Provence;BOUYGUES ENERGIES ET SERVICES;MAMP;FR*M13*P13055*001;MARSEILLE - Parking Relais Einstein;Parking Relais Einstein 13000 MARSEILLE;13055;5,448569;43,345406;2;FR*M13*E13055*001*1;4;EF;payant;24h/24 7j/7;Recharge par badge et avec une application smartphone;07/10/2020
Aix-Marseille-Provence;BOUYGUES ENERGIES ET SERVICES;MAMP;FR*M13*P13060*001;MEYREUIL - Parking Mourvedre - Rue Des Mineurs;Parking Mourvedre - Rue Des Mineurs 0 MEYREUIL;13060;5,49543;43,473074;2;FR*M13*E13060*001*2;22;EF - T2;payant;24h/24 7j/7;Recharge par badge et avec une application smartphone;07/10/2020
Aix-Marseille-Provence;BOUYGUES ENERGIES ET SERVICES;MAMP;FR*M13*P13216*002;MARSEILLE-16E - 9 Rue Rabelais;9 Rue Rabelais 0 MARSEILLE-16E;13216;5,337002;43,357724;0;FR*M13*E13216*002*1;22;EF - T2;payant;24h/24 7j/7;Recharge par badge et avec une application smartphone;07/10/2020
Aix-Marseille-Provence;BOUYGUES ENERGIES ET SERVICES;MAMP;FR*M13*P13216*002;MARSEILLE-16E - 9 Rue Rabelais;9 Rue Rabelais 0 MARSEILLE-16E;13216;5,337002;43,357724;0;FR*M13*E13216*002*2;22;EF - T2;payant;24h/24 7j/7;Recharge par badge et avec une application smartphone;07/10/2020
Aix-Marseille-Provence;BOUYGUES ENERGIES ET SERVICES;MAMP;FR*M13*P13047*012;ISTRES - Cec Stade;Cec Stade 13800 ISTRES;13047;4,992965;43,50076;4;FR*M13*E13047*012*3;18;EF - T2;payant;24h/24 7j/7;Recharge par badge et avec une application smartphone;07/10/2020
Aix-Marseille-Provence;BOUYGUES ENERGIES ET SERVICES;MAMP;FR*M13*P13047*012;ISTRES - Cec Stade;Cec Stade 13800 ISTRES;13047;4,992965;43,50076;4;FR*M13*E13047*012*4;18;EF - T2;payant;24h/24 7j/7;Recharge par badge et avec une application smartphone;07/10/2020
Aix-Marseille-Provence;BOUYGUES ENERGIES ET SERVICES;MAMP;FR*M13*P13047*012;ISTRES - Cec Stade;Cec Stade 13800 ISTRES;13047;4,992965;43,50076;4;FR*M13*E13047*012*1;18;EF - T2;payant;24h/24 7j/7;Recharge par badge et avec une application smartphone;07/10/2020
Aix-Marseille-Provence;BOUYGUES ENERGIES ET SERVICES;MAMP;FR*M13*P13047*012;ISTRES - Cec Stade;Cec Stade 13800 ISTRES;13047;4,992965;43,50076;4;FR*M13*E13047*012*2;18;EF - T2;payant;24h/24 7j/7;Recharge par badge et avec une application smartphone;07/10/2020
Aix-Marseille-Provence;BOUYGUES ENERGIES ET SERVICES;MAMP;FR*M13*P13022*002;CASSIS - Parking Daudet;Parking Daudet 13260 CASSIS;13022;5,536259;43,218608;2;FR*M13*E13022*002*1;22;EF - T2;payant;24h/24 7j/7;Recharge par badge et avec une application smartphone;07/10/2020
Aix-Marseille-Provence;BOUYGUES ENERGIES ET SERVICES;MAMP;FR*M13*P13111*001;VAUVENARGUES - 5  Boulevard Moraliste;5 Boulevard Moraliste 0 VAUVENARGUES;13111;5,598967;43,555415;0;FR*M13*E13111*001*1;22;EF - T2;payant;24h/24 7j/7;Recharge par badge et avec une application smartphone;07/10/2020
Aix-Marseille-Provence;BOUYGUES ENERGIES ET SERVICES;MAMP;FR*M13*P13001*005;AIX-EN-PROVENCE - Cours Sextius;Cours Sextius 13090 AIX-EN-PROVENCE;13001;5,443726;43,528782;2;FR*M13*E13001*005*2;22;EF - T2;payant;24h/24 7j/7;Recharge par badge et avec une application smartphone;07/10/2020
Aix-Marseille-Provence;BOUYGUES ENERGIES ET SERVICES;MAMP;FR*M13*P13001*005;AIX-EN-PROVENCE - Cours Sextius;Cours Sextius 13090 AIX-EN-PROVENCE;13001;5,443726;43,528782;2;FR*M13*E13001*005*1;22;EF - T2;payant;24h/24 7j/7;Recharge par badge et avec une application smartphone;07/10/2020
Aix-Marseille-Provence;BOUYGUES ENERGIES ET SERVICES;MAMP;FR*M13*P13112*001;VELAUX - Rue Diderot (Pl Du Bon Puit);Rue Diderot (Pl Du Bon Puit) 13880 VELAUX;13112;5,255214;43,523198;2;FR*M13*E13112*001*2;22;EF - T2;payant;24h/24 7j/7;Recharge par badge et avec une application smartphone;07/10/2020
Aix-Marseille-Provence;BOUYGUES ENERGIES ET SERVICES;MAMP;FR*M13*P13112*001;VELAUX - Rue Diderot (Pl Du Bon Puit);Rue Diderot (Pl Du Bon Puit) 13880 VELAUX;13112;5,255214;43,523198;2;FR*M13*E13112*001*1;22;EF - T2;payant;24h/24 7j/7;Recharge par badge et avec une application smartphone;07/10/2020
Aix-Marseille-Provence;BOUYGUES ENERGIES ET SERVICES;MAMP;FR*M13*P13204*001;MARSEILLE-4E - Avenue Des Chutes Lavie;Avenue Des Chutes Lavie 13004 MARSEILLE-4E;13204;5,397974;43,315138;2;FR*M13*E13204*001*2;22;EF - T2;payant;24h/24 7j/7;Recharge par badge et avec une application smartphone;07/10/2020
Aix-Marseille-Provence;BOUYGUES ENERGIES ET SERVICES;MAMP;FR*M13*P13204*001;MARSEILLE-4E - Avenue Des Chutes Lavie;Avenue Des Chutes Lavie 13004 MARSEILLE-4E;13204;5,397974;43,315138;2;FR*M13*E13204*001*1;22;EF - T2;payant;24h/24 7j/7;Recharge par badge et avec une application smartphone;07/10/2020
Aix-Marseille-Provence;BOUYGUES ENERGIES ET SERVICES;MAMP;FR*M13*P13056*002;MARTIGUES - Avenue Du Président Salvadore Allende;Avenue Du Président Salvadore Allende 13500 MARTIGUES;13056;5,056633;43,408601;0;FR*M13*E13056*002*1;22;EF - T2;payant;24h/24 7j/7;Recharge par badge et avec une application smartphone;07/10/2020
Aix-Marseille-Provence;BOUYGUES ENERGIES ET SERVICES;MAMP;FR*M13*P13056*002;MARTIGUES - Avenue Du Président Salvadore Allende;Avenue Du Président Salvadore Allende 13500 MARTIGUES;13056;5,056633;43,408601;0;FR*M13*E13056*002*2;22;EF - T2;payant;24h/24 7j/7;Recharge par badge et avec une application smartphone;07/10/2020
Aix-Marseille-Provence;BOUYGUES ENERGIES ET SERVICES;MAMP;FR*M13*P13041*004;GARDANNE - Parking De La Cité Administrative; Parking De La Cité Administrative 0 GARDANNE;13041;5,47019;43,451656;0;FR*M13*E13041*004*1;22;EF - T2;payant;24h/24 7j/7;Recharge par badge et avec une application smartphone;07/10/2020
Aix-Marseille-Provence;BOUYGUES ENERGIES ET SERVICES;MAMP;FR*M13*P13041*004;GARDANNE - Parking De La Cité Administrative; Parking De La Cité Administrative 0 GARDANNE;13041;5,47019;43,451656;0;FR*M13*E13041*004*2;22;EF - T2;payant;24h/24 7j/7;Recharge par badge et avec une application smartphone;07/10/2020
Aix-Marseille-Provence;BOUYGUES ENERGIES ET SERVICES;MAMP;FR*M13*P13002*001;ALLAUCH - Chemin Marius Milon / Chemin Des Mille Ecus;Chemin Marius Milon / Chemin Des Mille Ecus 13190 ALLAUCH;13002;5,468472;43,334722;2;FR*M13*E13002*001*2;22;EF - T2;payant;24h/24 7j/7;Recharge par badge et avec une application smartphone;07/10/2020
Aix-Marseille-Provence;BOUYGUES ENERGIES ET SERVICES;MAMP;FR*M13*P13002*001;ALLAUCH - Chemin Marius Milon / Chemin Des Mille Ecus;Chemin Marius Milon / Chemin Des Mille Ecus 13190 ALLAUCH;13002;5,468472;43,334722;2;FR*M13*E13002*001*1;22;EF - T2;payant;24h/24 7j/7;Recharge par badge et avec une application smartphone;07/10/2020
Aix-Marseille-Provence;BOUYGUES ENERGIES ET SERVICES;MAMP;FR*M13*P13202*004;MARSEILLE-2E - 38 Rue De L'Evêché;38 Rue De L'Evêché 0 MARSEILLE-2E;13202;5,366179;43,298904;0;FR*M13*E13202*004*1;22;EF - T2;payant;24h/24 7j/7;Recharge par badge et avec une application smartphone;07/10/2020
Aix-Marseille-Provence;BOUYGUES ENERGIES ET SERVICES;MAMP;FR*M13*P13202*004;MARSEILLE-2E - 38 Rue De L'Evêché;38 Rue De L'Evêché 0 MARSEILLE-2E;13202;5,366179;43,298904;0;FR*M13*E13202*004*2;22;EF - T2;payant;24h/24 7j/7;Recharge par badge et avec une application smartphone;07/10/2020
Aix-Marseille-Provence;BOUYGUES ENERGIES ET SERVICES;MAMP;FR*M13*P13078*001;PORT-SAINT-LOUIS-DU-RHONE - Avenue Hippolyte Peut;Avenue Hippolyte Peut 13230 PORT-SAINT-LOUIS-DU-RHONE;13078;4,80192;43,389722;2;FR*M13*E13078*001*1;22;EF - T2;payant;24h/24 7j/7;Recharge par badge et avec une application smartphone;07/10/2020
Aix-Marseille-Provence;BOUYGUES ENERGIES ET SERVICES;MAMP;FR*M13*P13078*001;PORT-SAINT-LOUIS-DU-RHONE - Avenue Hippolyte Peut;Avenue Hippolyte Peut 13230 PORT-SAINT-LOUIS-DU-RHONE;13078;4,80192;43,389722;2;FR*M13*E13078*001*2;22;T3 - EF;payant;24h/24 7j/7;Recharge par badge et avec une application smartphone;07/10/2020
Aix-Marseille-Provence;BOUYGUES ENERGIES ET SERVICES;MAMP;FR*M13*P13208*002;MARSEILLE-8E - Rue Paradis;Rue Paradis 13008 MARSEILLE-8E;13208;5,382534;43,279733;0;FR*M13*E13208*002*1;22;EF - T2;payant;24h/24 7j/7;Recharge par badge et avec une application smartphone;07/10/2020
Aix-Marseille-Provence;BOUYGUES ENERGIES ET SERVICES;MAMP;FR*M13*P13208*002;MARSEILLE-8E - Rue Paradis;Rue Paradis 13008 MARSEILLE-8E;13208;5,382534;43,279733;0;FR*M13*E13208*002*2;22;EF - T2;payant;24h/24 7j/7;Recharge par badge et avec une application smartphone;07/10/2020
Aix-Marseille-Provence;BOUYGUES ENERGIES ET SERVICES;MAMP;FR*M13*P13110*001;TRETS - Place De La Libération;Place De La Libération 0 TRETS;13110;5,688023;43,448682;2;FR*M13*E13110*001*2;22;EF - T2;payant;24h/24 7j/7;Recharge par badge et avec une application smartphone;07/10/2020
Aix-Marseille-Provence;BOUYGUES ENERGIES ET SERVICES;MAMP;FR*M13*P13110*001;TRETS - Place De La Libération;Place De La Libération 0 TRETS;13110;5,688023;43,448682;2;FR*M13*E13110*001*1;22;EF - T2;payant;24h/24 7j/7;Recharge par badge et avec une application smartphone;07/10/2020
Aix-Marseille-Provence;BOUYGUES ENERGIES ET SERVICES;MAMP;FR*M13*P13069*001;PELISSANNE - Place Roux Brignoles;Place Roux Brignoles 13330 PELISSANNE;13069;5,152651;43,631195;2;FR*M13*E13069*001*2;22;EF - T2;payant;24h/24 7j/7;Recharge par badge et avec une application smartphone;07/10/2020
Aix-Marseille-Provence;BOUYGUES ENERGIES ET SERVICES;MAMP;FR*M13*P13069*001;PELISSANNE - Place Roux Brignoles;Place Roux Brignoles 13330 PELISSANNE;13069;5,152651;43,631195;2;FR*M13*E13069*001*1;22;EF - T2;payant;24h/24 7j/7;Recharge par badge et avec une application smartphone;07/10/2020
Aix-Marseille-Provence;BOUYGUES ENERGIES ET SERVICES;MAMP;FR*M13*P13041*003;GARDANNE - Place De Biver;Place De Biver 0 GARDANNE;13041;5,464812;43,434866;0;FR*M13*E13041*003*1;22;EF - T2;payant;24h/24 7j/7;Recharge par badge et avec une application smartphone;07/10/2020
Aix-Marseille-Provence;BOUYGUES ENERGIES ET SERVICES;MAMP;FR*M13*P13041*003;GARDANNE - Place De Biver;Place De Biver 0 GARDANNE;13041;5,464812;43,434866;0;FR*M13*E13041*003*2;22;EF - T2;payant;24h/24 7j/7;Recharge par badge et avec une application smartphone;07/10/2020
Aix-Marseille-Provence;BOUYGUES ENERGIES ET SERVICES;MAMP;FR*M13*P13205*002;MARSEILLE-5E - Boulevard Baille;Boulevard Baille 13005 MARSEILLE-5E;13205;5,396151;43,289353;2;FR*M13*E13205*002*1;22;EF - T2;payant;24h/24 7j/7;Recharge par badge et avec une application smartphone;07/10/2020
Aix-Marseille-Provence;BOUYGUES ENERGIES ET SERVICES;MAMP;FR*M13*P13205*002;MARSEILLE-5E - Boulevard Baille;Boulevard Baille 13005 MARSEILLE-5E;13205;5,396151;43,289353;2;FR*M13*E13205*002*2;22;EF - T2;payant;24h/24 7j/7;Recharge par badge et avec une application smartphone;07/10/2020
Aix-Marseille-Provence;BOUYGUES ENERGIES ET SERVICES;MAMP;FR*M13*P13213*001;MARSEILLE-13E - Avenue Des Poilus;Avenue Des Poilus 13013 MARSEILLE-13E;13213;5,455123;43,32522;2;FR*M13*E13213*001*2;22;EF - T2;payant;24h/24 7j/7;Recharge par badge et avec une application smartphone;07/10/2020
Aix-Marseille-Provence;BOUYGUES ENERGIES ET SERVICES;MAMP;FR*M13*P13213*001;MARSEILLE-13E - Avenue Des Poilus;Avenue Des Poilus 13013 MARSEILLE-13E;13213;5,455123;43,32522;2;FR*M13*E13213*001*1;22;EF - T2;payant;24h/24 7j/7;Recharge par badge et avec une application smartphone;07/10/2020
Aix-Marseille-Provence;BOUYGUES ENERGIES ET SERVICES;MAMP;FR*M13*P13070*001;LA PENNE-SUR-HUVEAUNE - Boulevard Voltaire;Boulevard Voltaire 13821 LA PENNE-SUR-HUVEAUNE;13070;5,517073;43,281395;2;FR*M13*E13070*001*1;22;EF - T2;payant;24h/24 7j/7;Recharge par badge et avec une application smartphone;07/10/2020
Aix-Marseille-Provence;BOUYGUES ENERGIES ET SERVICES;MAMP;FR*M13*P13070*001;LA PENNE-SUR-HUVEAUNE - Boulevard Voltaire;Boulevard Voltaire 13821 LA PENNE-SUR-HUVEAUNE;13070;5,517073;43,281395;2;FR*M13*E13070*001*2;22;EF - T2;payant;24h/24 7j/7;Recharge par badge et avec une application smartphone;07/10/2020
Aix-Marseille-Provence;BOUYGUES ENERGIES ET SERVICES;MAMP;FR*M13*P13928*001;ENTRESSENS - Place Dei Blagiaires;Place Dei Blagiaires 13118 ENTRESSENS;13928;4,939013;43,593007;0;FR*M13*E13928*001*2;18;EF - T2;payant;24h/24 7j/7;Recharge par badge et avec une application smartphone;07/10/2020
Aix-Marseille-Provence;BOUYGUES ENERGIES ET SERVICES;MAMP;FR*M13*P13928*001;ENTRESSENS - Place Dei Blagiaires;Place Dei Blagiaires 13118 ENTRESSENS;13928;4,939013;43,593007;0;FR*M13*E13928*001*1;18;EF - T2;payant;24h/24 7j/7;Recharge par badge et avec une application smartphone;07/10/2020
Aix-Marseille-Provence;BOUYGUES ENERGIES ET SERVICES;MAMP;FR*M13*P13050*001;LAMBESC - Route De Caireval;Route De Caireval 13410 LAMBESC;13050;5,264653;43,654859;2;FR*M13*E13050*001*1;22;EF - T2;payant;24h/24 7j/7;Recharge par badge et avec une application smartphone;07/10/2020
Aix-Marseille-Provence;BOUYGUES ENERGIES ET SERVICES;MAMP;FR*M13*P13050*001;LAMBESC - Route De Caireval;Route De Caireval 13410 LAMBESC;13050;5,264653;43,654859;2;FR*M13*E13050*001*2;22;EF - T2;payant;24h/24 7j/7;Recharge par badge et avec une application smartphone;07/10/2020
Aix-Marseille-Provence;BOUYGUES ENERGIES ET SERVICES;MAMP;FR*M13*P13055*002;MARSEILLE - Parking Technoptic;Parking Technoptic 13000 MARSEILLE;13055;5,431385;43,344402;2;FR*M13*E13055*002*3;4;EF;payant;24h/24 7j/7;Recharge par badge et avec une application smartphone;07/10/2020
Aix-Marseille-Provence;BOUYGUES ENERGIES ET SERVICES;MAMP;FR*M13*P13055*002;MARSEILLE - Parking Technoptic;Parking Technoptic 13000 MARSEILLE;13055;5,431385;43,344402;2;FR*M13*E13055*002*4;4;EF;payant;24h/24 7j/7;Recharge par badge et avec une application smartphone;07/10/2020
Aix-Marseille-Provence;BOUYGUES ENERGIES ET SERVICES;MAMP;FR*M13*P13055*002;MARSEILLE - Parking Technoptic;Parking Technoptic 13000 MARSEILLE;13055;5,431385;43,344402;2;FR*M13*E13055*002*1;4;EF;payant;24h/24 7j/7;Recharge par badge et avec une application smartphone;07/10/2020
Aix-Marseille-Provence;BOUYGUES ENERGIES ET SERVICES;MAMP;FR*M13*P13055*002;MARSEILLE - Parking Technoptic;Parking Technoptic 13000 MARSEILLE;13055;5,431385;43,344402;2;FR*M13*E13055*002*2;4;EF;payant;24h/24 7j/7;Recharge par badge et avec une application smartphone;07/10/2020
Aix-Marseille-Provence;BOUYGUES ENERGIES ET SERVICES;MAMP;FR*M13*P13213*004;MARSEILLE-13E - 34 Avenue Laveran;34 Avenue Laveran 0 MARSEILLE-13E;13213;5,413793;43,326733;0;FR*M13*E13213*004*2;22;EF - T2;payant;24h/24 7j/7;Recharge par badge et avec une application smartphone;07/10/2020
Aix-Marseille-Provence;BOUYGUES ENERGIES ET SERVICES;MAMP;FR*M13*P13213*004;MARSEILLE-13E - 34 Avenue Laveran;34 Avenue Laveran 0 MARSEILLE-13E;13213;5,413793;43,326733;0;FR*M13*E13213*004*1;22;EF - T2;payant;24h/24 7j/7;Recharge par badge et avec une application smartphone;07/10/2020
Aix-Marseille-Provence;BOUYGUES ENERGIES ET SERVICES;MAMP;FR*M13*P13102*002;SAINT-VICTORET - Rue Raymond Marin;Rue Raymond Marin 0 SAINT-VICTORET;13102;5,235656;43,420631;2;FR*M13*E13102*002*1;22;EF - T2;payant;24h/24 7j/7;Recharge par badge et avec une application smartphone;07/10/2020
Aix-Marseille-Provence;BOUYGUES ENERGIES ET SERVICES;MAMP;FR*M13*P13102*002;SAINT-VICTORET - Rue Raymond Marin;Rue Raymond Marin 0 SAINT-VICTORET;13102;5,235656;43,420631;2;FR*M13*E13102*002*2;22;EF - T2;payant;24h/24 7j/7;Recharge par badge et avec une application smartphone;07/10/2020
Aix-Marseille-Provence;BOUYGUES ENERGIES ET SERVICES;MAMP;FR*M13*P13101*001;SAINT-SAVOURNIN - Chemin Du Cimetière;Chemin Du Cimetière 13119 SAINT-SAVOURNIN;13101;5,525681;43,40751;2;FR*M13*E13101*001*2;22;EF - T2;payant;24h/24 7j/7;Recharge par badge et avec une application smartphone;07/10/2020
Aix-Marseille-Provence;BOUYGUES ENERGIES ET SERVICES;MAMP;FR*M13*P13101*001;SAINT-SAVOURNIN - Chemin Du Cimetière;Chemin Du Cimetière 13119 SAINT-SAVOURNIN;13101;5,525681;43,40751;2;FR*M13*E13101*001*1;22;EF - T2;payant;24h/24 7j/7;Recharge par badge et avec une application smartphone;07/10/2020
Aix-Marseille-Provence;BOUYGUES ENERGIES ET SERVICES;MAMP;FR*M13*P13077*001;PORT-DE-BOUC - Rue De La République;Rue De La République 13110 PORT-DE-BOUC;13077;4,981837;43,404731;2;FR*M13*E13077*001*2;22;EF - T2;payant;24h/24 7j/7;Recharge par badge et avec une application smartphone;07/10/2020
Aix-Marseille-Provence;BOUYGUES ENERGIES ET SERVICES;MAMP;FR*M13*P13077*001;PORT-DE-BOUC - Rue De La République;Rue De La République 13110 PORT-DE-BOUC;13077;4,981837;43,404731;2;FR*M13*E13077*001*1;22;EF - T2;payant;24h/24 7j/7;Recharge par badge et avec une application smartphone;07/10/2020
Aix-Marseille-Provence;BOUYGUES ENERGIES ET SERVICES;MAMP;FR*M13*P13047*013;ISTRES - Halle Polyvalente Rassuen;Halle Polyvalente Rassuen 13800 ISTRES;13047;4,974134;43,494049;2;FR*M13*E13047*013*2;18;EF - T2;payant;24h/24 7j/7;Recharge par badge et avec une application smartphone;07/10/2020
Aix-Marseille-Provence;BOUYGUES ENERGIES ET SERVICES;MAMP;FR*M13*P13047*013;ISTRES - Halle Polyvalente Rassuen;Halle Polyvalente Rassuen 13800 ISTRES;13047;4,974134;43,494049;2;FR*M13*E13047*013*1;18;EF - T2;payant;24h/24 7j/7;Recharge par badge et avec une application smartphone;07/10/2020
Aix-Marseille-Provence;BOUYGUES ENERGIES ET SERVICES;MAMP;FR*M13*P13014*001;BERRE-L'ETANG - Parking Des Lisses;Parking Des Lisses 13130 BERRE-L'ETANG;13014;5,168224;43,472999;2;FR*M13*E13014*001*2;22;EF - T2;payant;24h/24 7j/7;Recharge par badge et avec une application smartphone;07/10/2020
Aix-Marseille-Provence;BOUYGUES ENERGIES ET SERVICES;MAMP;FR*M13*P13014*001;BERRE-L'ETANG - Parking Des Lisses;Parking Des Lisses 13130 BERRE-L'ETANG;13014;5,168224;43,472999;2;FR*M13*E13014*001*1;22;EF - T2;payant;24h/24 7j/7;Recharge par badge et avec une application smartphone;07/10/2020
Aix-Marseille-Provence;BOUYGUES ENERGIES ET SERVICES;MAMP;FR*M13*P13207*003;MARSEILLE-7E - 12 Place Du Colonel Edon;12 Place Du Colonel Edon 0 MARSEILLE-7E;13207;5,370056;43,286242;0;FR*M13*E13207*003*1;22;EF - T2;payant;24h/24 7j/7;Recharge par badge et avec une application smartphone;07/10/2020
Aix-Marseille-Provence;BOUYGUES ENERGIES ET SERVICES;MAMP;FR*M13*P13207*003;MARSEILLE-7E - 12 Place Du Colonel Edon;12 Place Du Colonel Edon 0 MARSEILLE-7E;13207;5,370056;43,286242;0;FR*M13*E13207*003*2;22;EF - T2;payant;24h/24 7j/7;Recharge par badge et avec une application smartphone;07/10/2020
Aix-Marseille-Provence;BOUYGUES ENERGIES ET SERVICES;MAMP;FR*M13*P13207*006;MARSEILLE-7E - Square Du Lieutenant Danjaume;Square Du Lieutenant Danjaume 0 MARSEILLE-7E;13207;5,351102;43,286276;0;FR*M13*E13207*006*1;22;EF - T2;payant;24h/24 7j/7;Recharge par badge et avec une application smartphone;07/10/2020
Aix-Marseille-Provence;BOUYGUES ENERGIES ET SERVICES;MAMP;FR*M13*P13207*006;MARSEILLE-7E - Square Du Lieutenant Danjaume;Square Du Lieutenant Danjaume 0 MARSEILLE-7E;13207;5,351102;43,286276;0;FR*M13*E13207*006*2;22;EF - T2;payant;24h/24 7j/7;Recharge par badge et avec une application smartphone;07/10/2020
Aix-Marseille-Provence;BOUYGUES ENERGIES ET SERVICES;MAMP;FR*M13*P13014*003;BERRE-L'ETANG - Parking De L'Europe;Parking De L'Europe 13130 BERRE-L'ETANG;13014;5,168563;43,477008;2;FR*M13*E13014*003*1;22;EF - T2;payant;24h/24 7j/7;Recharge par badge et avec une application smartphone;07/10/2020
Aix-Marseille-Provence;BOUYGUES ENERGIES ET SERVICES;MAMP;FR*M13*P13014*003;BERRE-L'ETANG - Parking De L'Europe;Parking De L'Europe 13130 BERRE-L'ETANG;13014;5,168563;43,477008;2;FR*M13*E13014*003*2;22;EF - T2;payant;24h/24 7j/7;Recharge par badge et avec une application smartphone;07/10/2020
Aix-Marseille-Provence;BOUYGUES ENERGIES ET SERVICES;MAMP;FR*M13*P13026*001;CHATEAUNEUF-LES-MARTIGUES - Place Des Résistants;Place Des Résistants 13220 CHATEAUNEUF-LES-MARTIGUES;13026;5,162934;43,382782;2;FR*M13*E13026*001*1;22;EF - T2;payant;24h/24 7j/7;Recharge par badge et avec une application smartphone;07/10/2020
Aix-Marseille-Provence;BOUYGUES ENERGIES ET SERVICES;MAMP;FR*M13*P13026*001;CHATEAUNEUF-LES-MARTIGUES - Place Des Résistants;Place Des Résistants 13220 CHATEAUNEUF-LES-MARTIGUES;13026;5,162934;43,382782;2;FR*M13*E13026*001*2;22;EF - T2;payant;24h/24 7j/7;Recharge par badge et avec une application smartphone;07/10/2020
Aix-Marseille-Provence;BOUYGUES ENERGIES ET SERVICES;MAMP;FR*M13*P13207*004;MARSEILLE-7E - 85 Boulevard Charles Livon;85 Boulevard Charles Livon 0 MARSEILLE-7E;13207;5,358481;43,291969;0;FR*M13*E13207*004*1;22;EF - T2;payant;24h/24 7j/7;Recharge par badge et avec une application smartphone;07/10/2020
Aix-Marseille-Provence;BOUYGUES ENERGIES ET SERVICES;MAMP;FR*M13*P13207*004;MARSEILLE-7E - 85 Boulevard Charles Livon;85 Boulevard Charles Livon 0 MARSEILLE-7E;13207;5,358481;43,291969;0;FR*M13*E13207*004*2;22;EF - T2;payant;24h/24 7j/7;Recharge par badge et avec une application smartphone;07/10/2020
Aix-Marseille-Provence;BOUYGUES ENERGIES ET SERVICES;MAMP;FR*M13*P13001*008;AIX-EN-PROVENCE - Cours Saint-Louis;Cours Saint-Louis 13090 AIX-EN-PROVENCE;13001;5,453065;43,529819;2;FR*M13*E13001*008*2;22;EF - T2;payant;24h/24 7j/7;Recharge par badge et avec une application smartphone;07/10/2020
Aix-Marseille-Provence;BOUYGUES ENERGIES ET SERVICES;MAMP;FR*M13*P13001*008;AIX-EN-PROVENCE - Cours Saint-Louis;Cours Saint-Louis 13090 AIX-EN-PROVENCE;13001;5,453065;43,529819;2;FR*M13*E13001*008*1;22;EF - T2;payant;24h/24 7j/7;Recharge par badge et avec une application smartphone;07/10/2020
Aix-Marseille-Provence;BOUYGUES ENERGIES ET SERVICES;MAMP;FR*M13*P13206*003;MARSEILLE-6E - Boulevard Notre Dame;Boulevard Notre Dame 13006 MARSEILLE-6E;13206;5,373637;43,287646;2;FR*M13*E13206*003*2;22;EF - T2;payant;24h/24 7j/7;Recharge par badge et avec une application smartphone;07/10/2020
Aix-Marseille-Provence;BOUYGUES ENERGIES ET SERVICES;MAMP;FR*M13*P13206*003;MARSEILLE-6E - Boulevard Notre Dame;Boulevard Notre Dame 13006 MARSEILLE-6E;13206;5,373637;43,287646;2;FR*M13*E13206*003*1;22;EF - T2;payant;24h/24 7j/7;Recharge par badge et avec une application smartphone;07/10/2020
Aix-Marseille-Provence;BOUYGUES ENERGIES ET SERVICES;MAMP;FR*M13*P13074*001;PEYROLLES-EN-PROVENCE - Parking De L'Abreuvoir;Parking De L'Abreuvoir 0 PEYROLLES-EN-PROVENCE;13074;5,584868;43,645533;0;FR*M13*E13074*001*2;22;EF - T2;payant;24h/24 7j/7;Recharge par badge et avec une application smartphone;07/10/2020
Aix-Marseille-Provence;BOUYGUES ENERGIES ET SERVICES;MAMP;FR*M13*P13074*001;PEYROLLES-EN-PROVENCE - Parking De L'Abreuvoir;Parking De L'Abreuvoir 0 PEYROLLES-EN-PROVENCE;13074;5,584868;43,645533;0;FR*M13*E13074*001*1;22;EF - T2;payant;24h/24 7j/7;Recharge par badge et avec une application smartphone;07/10/2020
Aix-Marseille-Provence;BOUYGUES ENERGIES ET SERVICES;MAMP;FR*M13*P13056*003;MARTIGUES - Avenue Louis Sammut;Avenue Louis Sammut 13500 MARTIGUES;13056;5,048822;43,406476;0;FR*M13*E13056*003*1;22;EF - T2;payant;24h/24 7j/7;Recharge par badge et avec une application smartphone;07/10/2020
Aix-Marseille-Provence;BOUYGUES ENERGIES ET SERVICES;MAMP;FR*M13*P13056*003;MARTIGUES - Avenue Louis Sammut;Avenue Louis Sammut 13500 MARTIGUES;13056;5,048822;43,406476;0;FR*M13*E13056*003*2;22;EF - T2;payant;24h/24 7j/7;Recharge par badge et avec une application smartphone;07/10/2020
Aix-Marseille-Provence;BOUYGUES ENERGIES ET SERVICES;MAMP;FR*M13*P13213*003;MARSEILLE-13E - 61 Avenue De Saint-Just;61 Avenue De Saint-Just 0 MARSEILLE-13E;13213;5,404849;43,317055;0;FR*M13*E13213*003*1;22;EF - T2;payant;24h/24 7j/7;Recharge par badge et avec une application smartphone;07/10/2020
Aix-Marseille-Provence;BOUYGUES ENERGIES ET SERVICES;MAMP;FR*M13*P13213*003;MARSEILLE-13E - 61 Avenue De Saint-Just;61 Avenue De Saint-Just 0 MARSEILLE-13E;13213;5,404849;43,317055;0;FR*M13*E13213*003*2;22;EF - T2;payant;24h/24 7j/7;Recharge par badge et avec une application smartphone;07/10/2020
Aix-Marseille-Provence;BOUYGUES ENERGIES ET SERVICES;MAMP;FR*M13*P13002*003;ALLAUCH - Chemin Du Garlaban - Parking Monge;Chemin Du Garlaban - Parking Monge 0 ALLAUCH;13002;5,483673;43,336789;0;FR*M13*E13002*003*2;22;EF - T2;payant;24h/24 7j/7;Recharge par badge et avec une application smartphone;07/10/2020
Aix-Marseille-Provence;BOUYGUES ENERGIES ET SERVICES;MAMP;FR*M13*P13002*003;ALLAUCH - Chemin Du Garlaban - Parking Monge;Chemin Du Garlaban - Parking Monge 0 ALLAUCH;13002;5,483673;43,336789;0;FR*M13*E13002*003*1;22;EF - T2;payant;24h/24 7j/7;Recharge par badge et avec une application smartphone;07/10/2020
Aix-Marseille-Provence;BOUYGUES ENERGIES ET SERVICES;MAMP;FR*M13*P13022*001;CASSIS - Parking Savon;Parking Savon 13260 CASSIS;13022;5,53811;43,213528;6;FR*M13*E13022*001*4;4;EF;payant;24h/24 7j/7;Recharge par badge et avec une application smartphone;07/10/2020
Aix-Marseille-Provence;BOUYGUES ENERGIES ET SERVICES;MAMP;FR*M13*P13022*001;CASSIS - Parking Savon;Parking Savon 13260 CASSIS;13022;5,53811;43,213528;6;FR*M13*E13022*001*3;4;EF;payant;24h/24 7j/7;Recharge par badge et avec une application smartphone;07/10/2020
Aix-Marseille-Provence;BOUYGUES ENERGIES ET SERVICES;MAMP;FR*M13*P13022*001;CASSIS - Parking Savon;Parking Savon 13260 CASSIS;13022;5,53811;43,213528;6;FR*M13*E13022*001*6;4;EF;payant;24h/24 7j/7;Recharge par badge et avec une application smartphone;07/10/2020
Aix-Marseille-Provence;BOUYGUES ENERGIES ET SERVICES;MAMP;FR*M13*P13022*001;CASSIS - Parking Savon;Parking Savon 13260 CASSIS;13022;5,53811;43,213528;6;FR*M13*E13022*001*5;4;EF;payant;24h/24 7j/7;Recharge par badge et avec une application smartphone;07/10/2020
Aix-Marseille-Provence;BOUYGUES ENERGIES ET SERVICES;MAMP;FR*M13*P13022*001;CASSIS - Parking Savon;Parking Savon 13260 CASSIS;13022;5,53811;43,213528;6;FR*M13*E13022*001*1;4;EF;payant;24h/24 7j/7;Recharge par badge et avec une application smartphone;07/10/2020
Aix-Marseille-Provence;BOUYGUES ENERGIES ET SERVICES;MAMP;FR*M13*P13022*001;CASSIS - Parking Savon;Parking Savon 13260 CASSIS;13022;5,53811;43,213528;6;FR*M13*E13022*001*2;4;EF;payant;24h/24 7j/7;Recharge par badge et avec une application smartphone;07/10/2020
Aix-Marseille-Provence;BOUYGUES ENERGIES ET SERVICES;MAMP;FR*M13*P13204*003;MARSEILLE-4E - Boulevard Jardin Zoologique;Boulevard Jardin Zoologique 13004 MARSEILLE-4E;13204;5,396799;43,303235;2;FR*M13*E13204*003*1;22;EF - T2;payant;24h/24 7j/7;Recharge par badge et avec une application smartphone;07/10/2020
Aix-Marseille-Provence;BOUYGUES ENERGIES ET SERVICES;MAMP;FR*M13*P13204*003;MARSEILLE-4E - Boulevard Jardin Zoologique;Boulevard Jardin Zoologique 13004 MARSEILLE-4E;13204;5,396799;43,303235;2;FR*M13*E13204*003*2;22;EF - T2;payant;24h/24 7j/7;Recharge par badge et avec une application smartphone;07/10/2020
Aix-Marseille-Provence;BOUYGUES ENERGIES ET SERVICES;MAMP;FR*M13*P13055*005;MARSEILLE - Parking De La Gare La Barasse;Parking De La Gare La Barasse 13000 MARSEILLE;13055;5,484191;43,285678;2;FR*M13*E13055*005*2;4;EF;payant;24h/24 7j/7;Recharge par badge et avec une application smartphone;07/10/2020
Aix-Marseille-Provence;BOUYGUES ENERGIES ET SERVICES;MAMP;FR*M13*P13055*005;MARSEILLE - Parking De La Gare La Barasse;Parking De La Gare La Barasse 13000 MARSEILLE;13055;5,484191;43,285678;2;FR*M13*E13055*005*1;4;EF;payant;24h/24 7j/7;Recharge par badge et avec une application smartphone;07/10/2020
Aix-Marseille-Provence;BOUYGUES ENERGIES ET SERVICES;MAMP;FR*M13*P13075*002;PLAN-DE-CUQUES - Avenue Georges Pompidou;Avenue Georges Pompidou 13380 PLAN-DE-CUQUES;13075;5,463668;43,343455;2;FR*M13*E13075*002*1;22;EF - T2;payant;24h/24 7j/7;Recharge par badge et avec une application smartphone;07/10/2020
Aix-Marseille-Provence;BOUYGUES ENERGIES ET SERVICES;MAMP;FR*M13*P13075*002;PLAN-DE-CUQUES - Avenue Georges Pompidou;Avenue Georges Pompidou 13380 PLAN-DE-CUQUES;13075;5,463668;43,343455;2;FR*M13*E13075*002*2;22;EF - T2;payant;24h/24 7j/7;Recharge par badge et avec une application smartphone;07/10/2020
Aix-Marseille-Provence;BOUYGUES ENERGIES ET SERVICES;MAMP;FR*M13*P13047*006;ISTRES - Jean Moulin;Jean Moulin 13800 ISTRES;13047;4,988932;43,502474;2;FR*M13*E13047*006*1;18;EF - T2;payant;24h/24 7j/7;Recharge par badge et avec une application smartphone;07/10/2020
Aix-Marseille-Provence;BOUYGUES ENERGIES ET SERVICES;MAMP;FR*M13*P13047*006;ISTRES - Jean Moulin;Jean Moulin 13800 ISTRES;13047;4,988932;43,502474;2;FR*M13*E13047*006*2;18;EF - T2;payant;24h/24 7j/7;Recharge par badge et avec une application smartphone;07/10/2020
Aix-Marseille-Provence;BOUYGUES ENERGIES ET SERVICES;MAMP;FR*M13*P84089*001;PERTUIS - Place Granier;Place Granier 0 PERTUIS;84089;5,501983;43,692855;0;FR*M13*E84089*001*2;22;EF - T2;payant;24h/24 7j/7;Recharge par badge et avec une application smartphone;07/10/2020
Aix-Marseille-Provence;BOUYGUES ENERGIES ET SERVICES;MAMP;FR*M13*P84089*001;PERTUIS - Place Granier;Place Granier 0 PERTUIS;84089;5,501983;43,692855;0;FR*M13*E84089*001*1;22;EF - T2;payant;24h/24 7j/7;Recharge par badge et avec une application smartphone;07/10/2020
Aix-Marseille-Provence;BOUYGUES ENERGIES ET SERVICES;MAMP;FR*M13*P13015*002;BOUC-BEL-AIR - Impasse Des Acacias; Impasse Des Acacias 0 BOUC-BEL-AIR;13015;5,41303;43,459768;0;FR*M13*E13015*002*1;22;EF - T2;payant;24h/24 7j/7;Recharge par badge et avec une application smartphone;07/10/2020
Aix-Marseille-Provence;BOUYGUES ENERGIES ET SERVICES;MAMP;FR*M13*P13015*002;BOUC-BEL-AIR - Impasse Des Acacias; Impasse Des Acacias 0 BOUC-BEL-AIR;13015;5,41303;43,459768;0;FR*M13*E13015*002*2;22;EF - T2;payant;24h/24 7j/7;Recharge par badge et avec une application smartphone;07/10/2020
Aix-Marseille-Provence;BOUYGUES ENERGIES ET SERVICES;MAMP;FR*M13*P13201*003;MARSEILLE-1E - 90 Rue Grignan;90 Rue Grignan 0 MARSEILLE-1E;13201;5,373858;43,29145;0;FR*M13*E13201*003*1;22;EF - T2;payant;24h/24 7j/7;Recharge par badge et avec une application smartphone;07/10/2020
Aix-Marseille-Provence;BOUYGUES ENERGIES ET SERVICES;MAMP;FR*M13*P13201*003;MARSEILLE-1E - 90 Rue Grignan;90 Rue Grignan 0 MARSEILLE-1E;13201;5,373858;43,29145;0;FR*M13*E13201*003*2;22;EF - T2;payant;24h/24 7j/7;Recharge par badge et avec une application smartphone;07/10/2020
Aix-Marseille-Provence;BOUYGUES ENERGIES ET SERVICES;MAMP;FR*M13*P13091*001;SAINT-CANNAT - Avenue Jean Moulin;Avenue Jean Moulin 13760 SAINT-CANNAT;13091;5,299185;43,623065;2;FR*M13*E13091*001*1;22;EF - T2;payant;24h/24 7j/7;Recharge par badge et avec une application smartphone;07/10/2020
Aix-Marseille-Provence;BOUYGUES ENERGIES ET SERVICES;MAMP;FR*M13*P13001*022;AIX-EN-PROVENCE - 49 Boulevard Carnot;49 Boulevard Carnot 0 AIX-EN-PROVENCE;13001;5,455185;43,527808;0;FR*M13*E13001*022*2;22;EF - T2;payant;24h/24 7j/7;Recharge par badge et avec une application smartphone;07/10/2020
Aix-Marseille-Provence;BOUYGUES ENERGIES ET SERVICES;MAMP;FR*M13*P13019*002;CABRIES - Rue Roumavage;Rue Roumavage 13480 CABRIES;13019;5,352806;43,459944;2;FR*M13*E13019*002*2;22;EF - T2;payant;24h/24 7j/7;Recharge par badge et avec une application smartphone;07/10/2020
Aix-Marseille-Provence;BOUYGUES ENERGIES ET SERVICES;MAMP;FR*M13*P13019*002;CABRIES - Rue Roumavage;Rue Roumavage 13480 CABRIES;13019;5,352806;43,459944;2;FR*M13*E13019*002*1;22;EF - T2;payant;24h/24 7j/7;Recharge par badge et avec une application smartphone;07/10/2020
Aix-Marseille-Provence;BOUYGUES ENERGIES ET SERVICES;MAMP;FR*M13*P13212*005;MARSEILLE-12E - 365 Avenue De Montolivet;365 Avenue De Montolivet 0 MARSEILLE-12E;13212;5,42204;43,318421;0;FR*M13*E13212*005*1;22;EF - T2;payant;24h/24 7j/7;Recharge par badge et avec une application smartphone;07/10/2020
Aix-Marseille-Provence;BOUYGUES ENERGIES ET SERVICES;MAMP;FR*M13*P13212*005;MARSEILLE-12E - 365 Avenue De Montolivet;365 Avenue De Montolivet 0 MARSEILLE-12E;13212;5,42204;43,318421;0;FR*M13*E13212*005*2;22;EF - T2;payant;24h/24 7j/7;Recharge par badge et avec une application smartphone;07/10/2020
Aix-Marseille-Provence;BOUYGUES ENERGIES ET SERVICES;MAMP;FR*M13*P13115*001;VERNEGUES - Route Du Château Bas;Route Du Château Bas 0 VERNEGUES;13115;5,205005;43,689299;2;FR*M13*E13115*001*2;22;EF - T2;payant;24h/24 7j/7;Recharge par badge et avec une application smartphone;07/10/2020
Aix-Marseille-Provence;BOUYGUES ENERGIES ET SERVICES;MAMP;FR*M13*P13115*001;VERNEGUES - Route Du Château Bas;Route Du Château Bas 0 VERNEGUES;13115;5,205005;43,689299;2;FR*M13*E13115*001*1;22;EF - T2;payant;24h/24 7j/7;Recharge par badge et avec une application smartphone;07/10/2020
Aix-Marseille-Provence;BOUYGUES ENERGIES ET SERVICES;MAMP;FR*M13*P13099*001;SAINT-PAUL-LEZ-DURANCE - D11;D11 13115 SAINT-PAUL-LEZ-DURANCE;13099;5,710252;43,686469;2;FR*M13*E13099*001*1;22;EF - T2;payant;24h/24 7j/7;Recharge par badge et avec une application smartphone;07/10/2020
Aix-Marseille-Provence;BOUYGUES ENERGIES ET SERVICES;MAMP;FR*M13*P13099*001;SAINT-PAUL-LEZ-DURANCE - D11;D11 13115 SAINT-PAUL-LEZ-DURANCE;13099;5,710252;43,686469;2;FR*M13*E13099*001*2;22;EF - T2;payant;24h/24 7j/7;Recharge par badge et avec une application smartphone;07/10/2020
Aix-Marseille-Provence;BOUYGUES ENERGIES ET SERVICES;MAMP;FR*M13*P13208*005;MARSEILLE-8E - Avenue Du Prado;Avenue Du Prado 13008 MARSEILLE-8E;13208;5,38785;43,27915;2;FR*M13*E13208*005*2;22;EF - T2;payant;24h/24 7j/7;Recharge par badge et avec une application smartphone;07/10/2020
Aix-Marseille-Provence;BOUYGUES ENERGIES ET SERVICES;MAMP;FR*M13*P13208*005;MARSEILLE-8E - Avenue Du Prado;Avenue Du Prado 13008 MARSEILLE-8E;13208;5,38785;43,27915;2;FR*M13*E13208*005*1;22;EF - T2;payant;24h/24 7j/7;Recharge par badge et avec une application smartphone;07/10/2020
Aix-Marseille-Provence;BOUYGUES ENERGIES ET SERVICES;MAMP;FR*M13*P13002*002;ALLAUCH - Avenue Jean Moulin -  Parking Fassanaro;Avenue Jean Moulin -  Parking Fassanaro 0 ALLAUCH;13002;5,488317;43,357858;0;FR*M13*E13002*002*1;22;EF - T2;payant;24h/24 7j/7;Recharge par badge et avec une application smartphone;07/10/2020
Aix-Marseille-Provence;BOUYGUES ENERGIES ET SERVICES;MAMP;FR*M13*P13002*002;ALLAUCH - Avenue Jean Moulin -  Parking Fassanaro;Avenue Jean Moulin -  Parking Fassanaro 0 ALLAUCH;13002;5,488317;43,357858;0;FR*M13*E13002*002*2;22;EF - T2;payant;24h/24 7j/7;Recharge par badge et avec une application smartphone;07/10/2020
Aix-Marseille-Provence;BOUYGUES ENERGIES ET SERVICES;MAMP;FR*M13*P13103*004;SALON-DE-PROVENCE - 270 Rue Victor Grignard;270 Rue Victor Grignard 0 SALON-DE-PROVENCE;13103;5,056872;43,638515;0;FR*M13*E13103*004*2;22;EF - T2;payant;24h/24 7j/7;Recharge par badge et avec une application smartphone;07/10/2020
Aix-Marseille-Provence;BOUYGUES ENERGIES ET SERVICES;MAMP;FR*M13*P13103*004;SALON-DE-PROVENCE - 270 Rue Victor Grignard;270 Rue Victor Grignard 0 SALON-DE-PROVENCE;13103;5,056872;43,638515;0;FR*M13*E13103*004*1;22;EF - T2;payant;24h/24 7j/7;Recharge par badge et avec une application smartphone;07/10/2020
Aix-Marseille-Provence;BOUYGUES ENERGIES ET SERVICES;MAMP;FR*M13*P13001*011;AIX-EN-PROVENCE - Avenue Winston Churchill;Avenue Winston Churchill 13090 AIX-EN-PROVENCE;13001;5,446349;43,519237;0;FR*M13*E13001*011*1;22;EF - T2;payant;24h/24 7j/7;Recharge par badge et avec une application smartphone;07/10/2020
Aix-Marseille-Provence;BOUYGUES ENERGIES ET SERVICES;MAMP;FR*M13*P13001*011;AIX-EN-PROVENCE - Avenue Winston Churchill;Avenue Winston Churchill 13090 AIX-EN-PROVENCE;13001;5,446349;43,519237;0;FR*M13*E13001*011*2;22;EF - T2;payant;24h/24 7j/7;Recharge par badge et avec une application smartphone;07/10/2020
Aix-Marseille-Provence;BOUYGUES ENERGIES ET SERVICES;MAMP;FR*M13*P13085*001;ROQUEFORT-LA-BEDOULE - Avenue Marius Ghirardelli;Avenue Marius Ghirardelli 13830 ROQUEFORT-LA-BEDOULE;13085;5,588032;43,248829;2;FR*M13*E13085*001*1;22;EF - T2;payant;24h/24 7j/7;Recharge par badge et avec une application smartphone;07/10/2020
Aix-Marseille-Provence;BOUYGUES ENERGIES ET SERVICES;MAMP;FR*M13*P13085*001;ROQUEFORT-LA-BEDOULE - Avenue Marius Ghirardelli;Avenue Marius Ghirardelli 13830 ROQUEFORT-LA-BEDOULE;13085;5,588032;43,248829;2;FR*M13*E13085*001*2;22;EF - T2;payant;24h/24 7j/7;Recharge par badge et avec une application smartphone;07/10/2020
Aix-Marseille-Provence;BOUYGUES ENERGIES ET SERVICES;MAMP;FR*M13*P13214*002;MARSEILLE-14E - 42 Boulevard Charles Moretti;42 Boulevard Charles Moretti 0 MARSEILLE-14E;13214;5,382365;43,32494;2;FR*M13*E13214*002*2;22;EF - T2;payant;24h/24 7j/7;Recharge par badge et avec une application smartphone;07/10/2020
Aix-Marseille-Provence;BOUYGUES ENERGIES ET SERVICES;MAMP;FR*M13*P13214*002;MARSEILLE-14E - 42 Boulevard Charles Moretti;42 Boulevard Charles Moretti 0 MARSEILLE-14E;13214;5,382365;43,32494;2;FR*M13*E13214*002*1;22;EF - T2;payant;24h/24 7j/7;Recharge par badge et avec une application smartphone;07/10/2020
Aix-Marseille-Provence;BOUYGUES ENERGIES ET SERVICES;MAMP;FR*M13*P13209*004;MARSEILLE-9E - Traverse De La Gaye;Traverse De La Gaye 0 MARSEILLE-9E;13209;5,409066;43,258666;0;FR*M13*E13209*004*2;22;EF - T2;payant;24h/24 7j/7;Recharge par badge et avec une application smartphone;07/10/2020
Aix-Marseille-Provence;BOUYGUES ENERGIES ET SERVICES;MAMP;FR*M13*P13209*004;MARSEILLE-9E - Traverse De La Gaye;Traverse De La Gaye 0 MARSEILLE-9E;13209;5,409066;43,258666;0;FR*M13*E13209*004*1;22;EF - T2;payant;24h/24 7j/7;Recharge par badge et avec une application smartphone;07/10/2020
Aix-Marseille-Provence;BOUYGUES ENERGIES ET SERVICES;MAMP;FR*M13*P13047*015;ISTRES - Centre Commercial Prédina;Centre Commercial Prédina 13800 ISTRES;13047;4,987945;43,493681;2;FR*M13*E13047*015*1;18;EF - T2;payant;24h/24 7j/7;Recharge par badge et avec une application smartphone;07/10/2020
Aix-Marseille-Provence;BOUYGUES ENERGIES ET SERVICES;MAMP;FR*M13*P13047*015;ISTRES - Centre Commercial Prédina;Centre Commercial Prédina 13800 ISTRES;13047;4,987945;43,493681;2;FR*M13*E13047*015*2;18;EF - T2;payant;24h/24 7j/7;Recharge par badge et avec une application smartphone;07/10/2020
Aix-Marseille-Provence;BOUYGUES ENERGIES ET SERVICES;MAMP;FR*M13*P13207*005;MARSEILLE-7E - 7 Place Saint-Victor;7 Place Saint-Victor 0 MARSEILLE-7E;13207;5,366079;43,290685;0;FR*M13*E13207*005*1;22;EF - T2;payant;24h/24 7j/7;Recharge par badge et avec une application smartphone;07/10/2020
Aix-Marseille-Provence;BOUYGUES ENERGIES ET SERVICES;MAMP;FR*M13*P13207*005;MARSEILLE-7E - 7 Place Saint-Victor;7 Place Saint-Victor 0 MARSEILLE-7E;13207;5,366079;43,290685;0;FR*M13*E13207*005*2;22;EF - T2;payant;24h/24 7j/7;Recharge par badge et avec une application smartphone;07/10/2020
Aix-Marseille-Provence;BOUYGUES ENERGIES ET SERVICES;MAMP;FR*M13*P13079*001;PUYLOUBIER - Avenue Du Chemin Neuf;Avenue Du Chemin Neuf 13114 PUYLOUBIER;13079;5,673313;43,524756;2;FR*M13*E13079*001*1;22;EF - T2;payant;24h/24 7j/7;Recharge par badge et avec une application smartphone;07/10/2020
Aix-Marseille-Provence;BOUYGUES ENERGIES ET SERVICES;MAMP;FR*M13*P13079*001;PUYLOUBIER - Avenue Du Chemin Neuf;Avenue Du Chemin Neuf 13114 PUYLOUBIER;13079;5,673313;43,524756;2;FR*M13*E13079*001*2;22;EF - T2;payant;24h/24 7j/7;Recharge par badge et avec une application smartphone;07/10/2020
Aix-Marseille-Provence;BOUYGUES ENERGIES ET SERVICES;MAMP;FR*M13*P13204*005;MARSEILLE-4E - Rue Du Bosquet;Rue Du Bosquet 13004 MARSEILLE-4E;13204;5,399566;43,300388;2;FR*M13*E13204*005*1;22;EF - T2;payant;24h/24 7j/7;Recharge par badge et avec une application smartphone;07/10/2020
Aix-Marseille-Provence;BOUYGUES ENERGIES ET SERVICES;MAMP;FR*M13*P13204*005;MARSEILLE-4E - Rue Du Bosquet;Rue Du Bosquet 13004 MARSEILLE-4E;13204;5,399566;43,300388;2;FR*M13*E13204*005*2;22;EF - T2;payant;24h/24 7j/7;Recharge par badge et avec une application smartphone;07/10/2020
Aix-Marseille-Provence;BOUYGUES ENERGIES ET SERVICES;MAMP;FR*M13*P13215*004;MARSEILLE-15E - 5 Boulevard De La Méditerranée;5 Boulevard De La Méditerranée 0 MARSEILLE-15E;13215;5,363658;43,333326;0;FR*M13*E13215*004*2;22;EF - T2;payant;24h/24 7j/7;Recharge par badge et avec une application smartphone;07/10/2020
Aix-Marseille-Provence;BOUYGUES ENERGIES ET SERVICES;MAMP;FR*M13*P13215*004;MARSEILLE-15E - 5 Boulevard De La Méditerranée;5 Boulevard De La Méditerranée 0 MARSEILLE-15E;13215;5,363658;43,333326;0;FR*M13*E13215*004*1;22;EF - T2;payant;24h/24 7j/7;Recharge par badge et avec une application smartphone;07/10/2020
Aix-Marseille-Provence;BOUYGUES ENERGIES ET SERVICES;MAMP;FR*M13*P13206*001;MARSEILLE-6E - Rue Du Dr Fiolle;Rue Du Dr Fiolle 13006 MARSEILLE-6E;13206;5,383678;43,285157;2;FR*M13*E13206*001*2;22;EF - T2;payant;24h/24 7j/7;Recharge par badge et avec une application smartphone;07/10/2020
Aix-Marseille-Provence;BOUYGUES ENERGIES ET SERVICES;MAMP;FR*M13*P13206*001;MARSEILLE-6E - Rue Du Dr Fiolle;Rue Du Dr Fiolle 13006 MARSEILLE-6E;13206;5,383678;43,285157;2;FR*M13*E13206*001*1;22;EF - T2;payant;24h/24 7j/7;Recharge par badge et avec une application smartphone;07/10/2020
Aix-Marseille-Provence;BOUYGUES ENERGIES ET SERVICES;MAMP;FR*M13*P13054*002;MARIGNANE - Place Alderic Chave;Place Alderic Chave 13700 MARIGNANE;13054;5,213539;43,417033;0;FR*M13*E13054*002*1;22;EF - T2;payant;24h/24 7j/7;Recharge par badge et avec une application smartphone;07/10/2020
Aix-Marseille-Provence;BOUYGUES ENERGIES ET SERVICES;MAMP;FR*M13*P13054*002;MARIGNANE - Place Alderic Chave;Place Alderic Chave 13700 MARIGNANE;13054;5,213539;43,417033;0;FR*M13*E13054*002*2;22;EF - T2;payant;24h/24 7j/7;Recharge par badge et avec une application smartphone;07/10/2020
Aix-Marseille-Provence;BOUYGUES ENERGIES ET SERVICES;MAMP;FR*M13*P13041*002;GARDANNE - Avenue D'Arménie (Semag);Avenue D'Arménie (Semag) 13120 GARDANNE;13041;5,44866;43,450954;0;FR*M13*E13041*002*1;22;EF - T2;payant;24h/24 7j/7;Recharge par badge et avec une application smartphone;07/10/2020
Aix-Marseille-Provence;BOUYGUES ENERGIES ET SERVICES;MAMP;FR*M13*P13041*002;GARDANNE - Avenue D'Arménie (Semag);Avenue D'Arménie (Semag) 13120 GARDANNE;13041;5,44866;43,450954;0;FR*M13*E13041*002*2;0;EF - T2;payant;24h/24 7j/7;Recharge par badge et avec une application smartphone;07/10/2020
Aix-Marseille-Provence;BOUYGUES ENERGIES ET SERVICES;MAMP;FR*M13*P13107*001;SIMIANE-COLLONGUE - 4 Rue Lambert;4 Rue Lambert 0 SIMIANE-COLLONGUE;13107;5,436711;43,429731;0;FR*M13*E13107*001*1;22;EF - T2;payant;24h/24 7j/7;Recharge par badge et avec une application smartphone;07/10/2020
Aix-Marseille-Provence;BOUYGUES ENERGIES ET SERVICES;MAMP;FR*M13*P13107*001;SIMIANE-COLLONGUE - 4 Rue Lambert;4 Rue Lambert 0 SIMIANE-COLLONGUE;13107;5,436711;43,429731;0;FR*M13*E13107*001*2;22;EF - T2;payant;24h/24 7j/7;Recharge par badge et avec une application smartphone;07/10/2020
Aix-Marseille-Provence;BOUYGUES ENERGIES ET SERVICES;MAMP;FR*M13*P13047*010;ISTRES - Gymnase Donadieu;Gymnase Donadieu 13800 ISTRES;13047;4,988791;43,507643;2;FR*M13*E13047*010*3;18;EF - T2;payant;24h/24 7j/7;Recharge par badge et avec une application smartphone;07/10/2020
Aix-Marseille-Provence;BOUYGUES ENERGIES ET SERVICES;MAMP;FR*M13*P13047*010;ISTRES - Gymnase Donadieu;Gymnase Donadieu 13800 ISTRES;13047;4,988791;43,507643;2;FR*M13*E13047*010*1;18;EF - T2;payant;24h/24 7j/7;Recharge par badge et avec une application smartphone;07/10/2020
Aix-Marseille-Provence;BOUYGUES ENERGIES ET SERVICES;MAMP;FR*M13*P13047*010;ISTRES - Gymnase Donadieu;Gymnase Donadieu 13800 ISTRES;13047;4,988791;43,507643;2;FR*M13*E13047*010*2;18;EF - T2;payant;24h/24 7j/7;Recharge par badge et avec une application smartphone;07/10/2020
Aix-Marseille-Provence;BOUYGUES ENERGIES ET SERVICES;MAMP;FR*M13*P13047*010;ISTRES - Gymnase Donadieu;Gymnase Donadieu 13800 ISTRES;13047;4,988791;43,507643;2;FR*M13*E13047*010*4;18;EF - T2;payant;24h/24 7j/7;Recharge par badge et avec une application smartphone;07/10/2020
Aix-Marseille-Provence;BOUYGUES ENERGIES ET SERVICES;MAMP;FR*M13*P13028*001;LA CIOTAT - Avenue Guillaume Dulac;Avenue Guillaume Dulac 13600 LA CIOTAT;13028;5,608585;43,190533;2;FR*M13*E13028*001*1;4;EF;payant;24h/24 7j/7;Recharge par badge et avec une application smartphone;07/10/2020
Aix-Marseille-Provence;BOUYGUES ENERGIES ET SERVICES;MAMP;FR*M13*P13028*001;LA CIOTAT - Avenue Guillaume Dulac;Avenue Guillaume Dulac 13600 LA CIOTAT;13028;5,608585;43,190533;2;FR*M13*E13028*001*2;4;EF;payant;24h/24 7j/7;Recharge par badge et avec une application smartphone;07/10/2020
Aix-Marseille-Provence;BOUYGUES ENERGIES ET SERVICES;MAMP;FR*M13*P13203*003;MARSEILLE-3E - 14 Rue Chanterac;14 Rue Chanterac 0 MARSEILLE-3E;13203;5,369957;43,312724;0;FR*M13*E13203*003*2;22;EF - T2;payant;24h/24 7j/7;Recharge par badge et avec une application smartphone;07/10/2020
Aix-Marseille-Provence;BOUYGUES ENERGIES ET SERVICES;MAMP;FR*M13*P13203*003;MARSEILLE-3E - 14 Rue Chanterac;14 Rue Chanterac 0 MARSEILLE-3E;13203;5,369957;43,312724;0;FR*M13*E13203*003*1;22;EF - T2;payant;24h/24 7j/7;Recharge par badge et avec une application smartphone;07/10/2020
Aix-Marseille-Provence;BOUYGUES ENERGIES ET SERVICES;MAMP;FR*M13*P13118*001;COUDOUX - Avenue De La République; Avenue De La République 13111 COUDOUX;13118;5,253117;43,558456;2;FR*M13*E13118*001*1;18;EF - T2;payant;24h/24 7j/7;Recharge par badge et avec une application smartphone;07/10/2020
Aix-Marseille-Provence;BOUYGUES ENERGIES ET SERVICES;MAMP;FR*M13*P13118*001;COUDOUX - Avenue De La République; Avenue De La République 13111 COUDOUX;13118;5,253117;43,558456;2;FR*M13*E13118*001*2;18;EF - T2;payant;24h/24 7j/7;Recharge par badge et avec une application smartphone;07/10/2020
Aix-Marseille-Provence;BOUYGUES ENERGIES ET SERVICES;MAMP;FR*M13*P13212*002;MARSEILLE-12E - Avenue Des Caillols;Avenue Des Caillols 0 MARSEILLE-12E;13212;5,450343;43,303279;2;FR*M13*E13212*002*1;22;EF - T2;payant;24h/24 7j/7;Recharge par badge et avec une application smartphone;07/10/2020
Aix-Marseille-Provence;BOUYGUES ENERGIES ET SERVICES;MAMP;FR*M13*P13212*002;MARSEILLE-12E - Avenue Des Caillols;Avenue Des Caillols 0 MARSEILLE-12E;13212;5,450343;43,303279;2;FR*M13*E13212*002*2;22;EF - T2;payant;24h/24 7j/7;Recharge par badge et avec une application smartphone;07/10/2020
Aix-Marseille-Provence;BOUYGUES ENERGIES ET SERVICES;MAMP;FR*M13*P13206*004;MARSEILLE-6E - Rue Paradis;Rue Paradis 13006 MARSEILLE-6E;13206;5,379221;43,287576;2;FR*M13*E13206*004*1;22;EF - T2;payant;24h/24 7j/7;Recharge par badge et avec une application smartphone;07/10/2020
Aix-Marseille-Provence;BOUYGUES ENERGIES ET SERVICES;MAMP;FR*M13*P13206*004;MARSEILLE-6E - Rue Paradis;Rue Paradis 13006 MARSEILLE-6E;13206;5,379221;43,287576;2;FR*M13*E13206*004*2;22;EF - T2;payant;24h/24 7j/7;Recharge par badge et avec une application smartphone;07/10/2020
Aix-Marseille-Provence;BOUYGUES ENERGIES ET SERVICES;MAMP;FR*M13*P13216*003;MARSEILLE-16E - 148 Plage De L'Estaque;148 Plage De L'Estaque 0 MARSEILLE-16E;13216;5,309551;43,362236;0;FR*M13*E13216*003*1;22;EF - T2;payant;24h/24 7j/7;Recharge par badge et avec une application smartphone;07/10/2020
Aix-Marseille-Provence;BOUYGUES ENERGIES ET SERVICES;MAMP;FR*M13*P13216*003;MARSEILLE-16E - 148 Plage De L'Estaque;148 Plage De L'Estaque 0 MARSEILLE-16E;13216;5,309551;43,362236;0;FR*M13*E13216*003*2;22;EF - T2;payant;24h/24 7j/7;Recharge par badge et avec une application smartphone;07/10/2020
Aix-Marseille-Provence;BOUYGUES ENERGIES ET SERVICES;MAMP;FR*M13*P13212*004;MARSEILLE-12E - 31 Avenue Fernandel;31 Avenue Fernandel 0 MARSEILLE-12E;13212;5,449793;43,312251;0;FR*M13*E13212*004*1;22;EF - T2;payant;24h/24 7j/7;Recharge par badge et avec une application smartphone;07/10/2020
Aix-Marseille-Provence;BOUYGUES ENERGIES ET SERVICES;MAMP;FR*M13*P13212*004;MARSEILLE-12E - 31 Avenue Fernandel;31 Avenue Fernandel 0 MARSEILLE-12E;13212;5,449793;43,312251;0;FR*M13*E13212*004*2;22;EF - T2;payant;24h/24 7j/7;Recharge par badge et avec une application smartphone;07/10/2020
Aix-Marseille-Provence;BOUYGUES ENERGIES ET SERVICES;MAMP;FR*M13*P13203*004;MARSEILLE-3E - 418 Rue René Cassin;418 Rue René Cassin 0 MARSEILLE-3E;13203;5,372985;43,315151;0;FR*M13*E13203*004*2;22;EF - T2;payant;24h/24 7j/7;Recharge par badge et avec une application smartphone;07/10/2020
Aix-Marseille-Provence;BOUYGUES ENERGIES ET SERVICES;MAMP;FR*M13*P13203*004;MARSEILLE-3E - 418 Rue René Cassin;418 Rue René Cassin 0 MARSEILLE-3E;13203;5,372985;43,315151;0;FR*M13*E13203*004*1;22;EF - T2;payant;24h/24 7j/7;Recharge par badge et avec une application smartphone;07/10/2020
Aix-Marseille-Provence;BOUYGUES ENERGIES ET SERVICES;MAMP;FR*M13*P13042*001;GEMENOS - Cours Pasteur;Cours Pasteur 13420 GEMENOS;13042;5,62862;43,297151;2;FR*M13*E13042*001*2;4;EF;payant;24h/24 7j/7;Recharge par badge et avec une application smartphone;07/10/2020
Aix-Marseille-Provence;BOUYGUES ENERGIES ET SERVICES;MAMP;FR*M13*P13042*001;GEMENOS - Cours Pasteur;Cours Pasteur 13420 GEMENOS;13042;5,62862;43,297151;2;FR*M13*E13042*001*1;4;EF;payant;24h/24 7j/7;Recharge par badge et avec une application smartphone;07/10/2020
Aix-Marseille-Provence;BOUYGUES ENERGIES ET SERVICES;MAMP;FR*M13*P13208*004;MARSEILLE-8E - Avenue André Zénatti;Avenue André Zénatti 13008 MARSEILLE-8E;13208;5,381914;43,247392;2;FR*M13*E13208*004*1;22;EF - T2;payant;24h/24 7j/7;Recharge par badge et avec une application smartphone;07/10/2020
Aix-Marseille-Provence;BOUYGUES ENERGIES ET SERVICES;MAMP;FR*M13*P13208*004;MARSEILLE-8E - Avenue André Zénatti;Avenue André Zénatti 13008 MARSEILLE-8E;13208;5,381914;43,247392;2;FR*M13*E13208*004*2;22;EF - T2;payant;24h/24 7j/7;Recharge par badge et avec une application smartphone;07/10/2020
Aix-Marseille-Provence;BOUYGUES ENERGIES ET SERVICES;MAMP;FR*M13*P13206*005;MARSEILLE-6E - Cours Lieutaud;Cours Lieutaud 13006 MARSEILLE-6E;13206;5,384417;43,288361;2;FR*M13*E13206*005*2;22;EF - T2;payant;24h/24 7j/7;Recharge par badge et avec une application smartphone;07/10/2020
Aix-Marseille-Provence;BOUYGUES ENERGIES ET SERVICES;MAMP;FR*M13*P13206*005;MARSEILLE-6E - Cours Lieutaud;Cours Lieutaud 13006 MARSEILLE-6E;13206;5,384417;43,288361;2;FR*M13*E13206*005*1;22;EF - T2;payant;24h/24 7j/7;Recharge par badge et avec une application smartphone;07/10/2020
Aix-Marseille-Provence;BOUYGUES ENERGIES ET SERVICES;MAMP;FR*M13*P13211*003;MARSEILLE-11E - 71 Boulevard Saint-Marcel;Boulevard Saint-Marcel 0 MARSEILLE-11E;13211;5,459582;43,288847;0;FR*M13*E13211*003*1;22;EF - T2;payant;24h/24 7j/7;Recharge par badge et avec une application smartphone;07/10/2020
Aix-Marseille-Provence;BOUYGUES ENERGIES ET SERVICES;MAMP;FR*M13*P13211*003;MARSEILLE-11E - 71 Boulevard Saint-Marcel;Boulevard Saint-Marcel 0 MARSEILLE-11E;13211;5,459582;43,288847;0;FR*M13*E13211*003*2;22;EF - T2;payant;24h/24 7j/7;Recharge par badge et avec une application smartphone;07/10/2020
Aix-Marseille-Provence;BOUYGUES ENERGIES ET SERVICES;MAMP;FR*M13*P13001*006;AIX-EN-PROVENCE - Avenue Jules Ferry;Avenue Jules Ferry 13090 AIX-EN-PROVENCE;13001;5,449734;43,519155;2;FR*M13*E13001*006*2;22;EF - T2;payant;24h/24 7j/7;Recharge par badge et avec une application smartphone;07/10/2020
Aix-Marseille-Provence;BOUYGUES ENERGIES ET SERVICES;MAMP;FR*M13*P13001*006;AIX-EN-PROVENCE - Avenue Jules Ferry;Avenue Jules Ferry 13090 AIX-EN-PROVENCE;13001;5,449734;43,519155;2;FR*M13*E13001*006*1;22;EF - T2;payant;24h/24 7j/7;Recharge par badge et avec une application smartphone;07/10/2020
Aix-Marseille-Provence;BOUYGUES ENERGIES ET SERVICES;MAMP;FR*M13*P13001*010;AIX-EN-PROVENCE - Rue Du Dr Lucien Cartotto;Rue Du Dr Lucien Cartotto 13090 AIX-EN-PROVENCE;13001;5,435907;43,515683;0;FR*M13*E13001*010*1;22;EF - T2;payant;24h/24 7j/7;Recharge par badge et avec une application smartphone;07/10/2020
Aix-Marseille-Provence;BOUYGUES ENERGIES ET SERVICES;MAMP;FR*M13*P13001*021;AIX-EN-PROVENCE - Avenue Saint-Mitre Des Champs;Avenue Saint-Mitre Des Champs 13090 AIX-EN-PROVENCE;13001;5,419438;43,536986;0;FR*M13*E13001*021*1;22;EF - T2;payant;24h/24 7j/7;Recharge par badge et avec une application smartphone;07/10/2020
Aix-Marseille-Provence;BOUYGUES ENERGIES ET SERVICES;MAMP;FR*M13*P13001*021;AIX-EN-PROVENCE - Avenue Saint-Mitre Des Champs;Avenue Saint-Mitre Des Champs 13090 AIX-EN-PROVENCE;13001;5,419438;43,536986;0;FR*M13*E13001*021*2;22;EF - T2;payant;24h/24 7j/7;Recharge par badge et avec une application smartphone;07/10/2020
Aix-Marseille-Provence;BOUYGUES ENERGIES ET SERVICES;MAMP;FR*M13*P13033*001;ENSUES-LA-REDONNE - Parking Des Coulins;Parking Des Coulins 13820 ENSUES-LA-REDONNE;13033;5,193556;43,356012;2;FR*M13*E13033*001*1;22;EF - T2;payant;24h/24 7j/7;Recharge par badge et avec une application smartphone;07/10/2020
Aix-Marseille-Provence;BOUYGUES ENERGIES ET SERVICES;MAMP;FR*M13*P13033*001;ENSUES-LA-REDONNE - Parking Des Coulins;Parking Des Coulins 13820 ENSUES-LA-REDONNE;13033;5,193556;43,356012;2;FR*M13*E13033*001*2;22;EF - T2;payant;24h/24 7j/7;Recharge par badge et avec une application smartphone;07/10/2020
Aix-Marseille-Provence;BOUYGUES ENERGIES ET SERVICES;MAMP;FR*M13*P13044*001;GRANS - Rue De L'Egalité - Parking Place Du Souvenir Français;Rue De L'Egalité - Parking Place Du Souvenir Français 13450 GRANS;13044;5,063095;43,605489;2;FR*M13*E13044*001*2;22;EF - T2;payant;24h/24 7j/7;Recharge par badge et avec une application smartphone;07/10/2020
Aix-Marseille-Provence;BOUYGUES ENERGIES ET SERVICES;MAMP;FR*M13*P13044*001;GRANS - Rue De L'Egalité - Parking Place Du Souvenir Français;Rue De L'Egalité - Parking Place Du Souvenir Français 13450 GRANS;13044;5,063095;43,605489;2;FR*M13*E13044*001*1;22;EF - T2;payant;24h/24 7j/7;Recharge par badge et avec une application smartphone;07/10/2020
Aix-Marseille-Provence;BOUYGUES ENERGIES ET SERVICES;MAMP;FR*M13*P13072*001;PEYNIER - Avenue De La Garenne;Avenue De La Garenne 0 PEYNIER;13072;5,639103;43,447876;0;FR*M13*E13072*001*1;22;EF - T2;payant;24h/24 7j/7;Recharge par badge et avec une application smartphone;07/10/2020
Aix-Marseille-Provence;BOUYGUES ENERGIES ET SERVICES;MAMP;FR*M13*P13072*001;PEYNIER - Avenue De La Garenne;Avenue De La Garenne 0 PEYNIER;13072;5,639103;43,447876;0;FR*M13*E13072*001*2;22;EF - T2;payant;24h/24 7j/7;Recharge par badge et avec une application smartphone;07/10/2020
Aix-Marseille-Provence;BOUYGUES ENERGIES ET SERVICES;MAMP;FR*M13*P13047*005;ISTRES - Place Champollion;Place Champollion 13800 ISTRES;13047;4,986984;43,504714;6;FR*M13*E13047*005*4;18;T2 - EF;payant;24h/24 7j/7;Recharge par badge et avec une application smartphone;07/10/2020
Aix-Marseille-Provence;BOUYGUES ENERGIES ET SERVICES;MAMP;FR*M13*P13047*005;ISTRES - Place Champollion;Place Champollion 13800 ISTRES;13047;4,986984;43,504714;6;FR*M13*E13047*005*1;18;T2 - EF;payant;24h/24 7j/7;Recharge par badge et avec une application smartphone;07/10/2020
Aix-Marseille-Provence;BOUYGUES ENERGIES ET SERVICES;MAMP;FR*M13*P13047*005;ISTRES - Place Champollion;Place Champollion 13800 ISTRES;13047;4,986984;43,504714;6;FR*M13*E13047*005*6;18;T2 - EF;payant;24h/24 7j/7;Recharge par badge et avec une application smartphone;07/10/2020
Aix-Marseille-Provence;BOUYGUES ENERGIES ET SERVICES;MAMP;FR*M13*P13047*005;ISTRES - Place Champollion;Place Champollion 13800 ISTRES;13047;4,986984;43,504714;6;FR*M13*E13047*005*2;18;T2 - EF;payant;24h/24 7j/7;Recharge par badge et avec une application smartphone;07/10/2020
Aix-Marseille-Provence;BOUYGUES ENERGIES ET SERVICES;MAMP;FR*M13*P13047*005;ISTRES - Place Champollion;Place Champollion 13800 ISTRES;13047;4,986984;43,504714;6;FR*M13*E13047*005*5;18;T2 - EF;payant;24h/24 7j/7;Recharge par badge et avec une application smartphone;07/10/2020
Aix-Marseille-Provence;BOUYGUES ENERGIES ET SERVICES;MAMP;FR*M13*P13047*005;ISTRES - Place Champollion;Place Champollion 13800 ISTRES;13047;4,986984;43,504714;6;FR*M13*E13047*005*3;18;T2 - EF;payant;24h/24 7j/7;Recharge par badge et avec une application smartphone;07/10/2020
Aix-Marseille-Provence;BOUYGUES ENERGIES ET SERVICES;MAMP;FR*M13*P13001*018;AIX-EN-PROVENCE - Avenue Jean Et Marcel Fontenaille;Avenue Jean Et Marcel Fontenaille 13100 AIX-EN-PROVENCE;13001;5,461132;43,534036;0;FR*M13*E13001*018*2;22;EF - T2;payant;24h/24 7j/7;Recharge par badge et avec une application smartphone;07/10/2020
Aix-Marseille-Provence;BOUYGUES ENERGIES ET SERVICES;MAMP;FR*M13*P13001*018;AIX-EN-PROVENCE - Avenue Jean Et Marcel Fontenaille;Avenue Jean Et Marcel Fontenaille 13100 AIX-EN-PROVENCE;13001;5,461132;43,534036;0;FR*M13*E13001*018*1;22;EF - T2;payant;24h/24 7j/7;Recharge par badge et avec une application smartphone;07/10/2020
Aix-Marseille-Provence;BOUYGUES ENERGIES ET SERVICES;MAMP;FR*M13*P13021*001;CARRY-LE-ROUET - Avenue Aristide Briand;Avenue Aristide Briand 13620 CARRY-LE-ROUET;13021;5,151676;43,33248;2;FR*M13*E13021*001*1;22;EF - T2;payant;24h/24 7j/7;Recharge par badge et avec une application smartphone;07/10/2020
Aix-Marseille-Provence;BOUYGUES ENERGIES ET SERVICES;MAMP;FR*M13*P13021*001;CARRY-LE-ROUET - Avenue Aristide Briand;Avenue Aristide Briand 13620 CARRY-LE-ROUET;13021;5,151676;43,33248;2;FR*M13*E13021*001*2;22;EF - T2;payant;24h/24 7j/7;Recharge par badge et avec une application smartphone;07/10/2020
Aix-Marseille-Provence;BOUYGUES ENERGIES ET SERVICES;MAMP;FR*M13*P13201*001;MARSEILLE-1E - Place Des Marseillaises;Place Des Marseillaises 0 MARSEILLE-1E;13201;5,381055;43,301561;0;FR*M13*E13201*001*1;22;EF - T2;payant;24h/24 7j/7;Recharge par badge et avec une application smartphone;07/10/2020
Aix-Marseille-Provence;BOUYGUES ENERGIES ET SERVICES;MAMP;FR*M13*P13201*001;MARSEILLE-1E - Place Des Marseillaises;Place Des Marseillaises 0 MARSEILLE-1E;13201;5,381055;43,301561;0;FR*M13*E13201*001*2;22;EF - T2;payant;24h/24 7j/7;Recharge par badge et avec une application smartphone;07/10/2020
Aix-Marseille-Provence;BOUYGUES ENERGIES ET SERVICES;MAMP;FR*M13*P13117*002;VITROLLES - Quartier Du Lion;Quartier Du Lion 0 VITROLLES;13117;5,230562;43,454958;0;FR*M13*E13117*002*2;22;EF - T2;payant;24h/24 7j/7;Recharge par badge et avec une application smartphone;07/10/2020
Aix-Marseille-Provence;BOUYGUES ENERGIES ET SERVICES;MAMP;FR*M13*P13117*002;VITROLLES - Quartier Du Lion;Quartier Du Lion 0 VITROLLES;13117;5,230562;43,454958;0;FR*M13*E13117*002*1;22;EF - T2;payant;24h/24 7j/7;Recharge par badge et avec une application smartphone;07/10/2020
Aix-Marseille-Provence;BOUYGUES ENERGIES ET SERVICES;MAMP;FR*M13*P13071*003;LES PENNES-MIRABEAU - Parking D113;Parking D113 0 LES PENNES-MIRABEAU;13071;5,309629;43,410797;0;FR*M13*E13071*003*1;22;EF - T2;payant;24h/24 7j/7;Recharge par badge et avec une application smartphone;07/10/2020
Aix-Marseille-Provence;BOUYGUES ENERGIES ET SERVICES;MAMP;FR*M13*P13071*003;LES PENNES-MIRABEAU - Parking D113;Parking D113 0 LES PENNES-MIRABEAU;13071;5,309629;43,410797;0;FR*M13*E13071*003*2;22;EF - T2;payant;24h/24 7j/7;Recharge par badge et avec une application smartphone;07/10/2020
Aix-Marseille-Provence;BOUYGUES ENERGIES ET SERVICES;MAMP;FR*M13*P13037*001;LA FARE-LES-OLIVIERS - Avenue René Seyssaud;Avenue René Seyssaud 0 LA FARE-LES-OLIVIERS;13037;5,194176;43,551585;2;FR*M13*E13037*001*1;22;EF - T2;payant;24h/24 7j/7;Recharge par badge et avec une application smartphone;07/10/2020
Aix-Marseille-Provence;BOUYGUES ENERGIES ET SERVICES;MAMP;FR*M13*P13037*001;LA FARE-LES-OLIVIERS - Avenue René Seyssaud;Avenue René Seyssaud 0 LA FARE-LES-OLIVIERS;13037;5,194176;43,551585;2;FR*M13*E13037*001*2;22;EF - T2;payant;24h/24 7j/7;Recharge par badge et avec une application smartphone;07/10/2020
Aix-Marseille-Provence;BOUYGUES ENERGIES ET SERVICES;MAMP;FR*M13*P13024*001;CHARLEVAL - Place André Leblanc;Place André Leblanc 13350 CHARLEVAL;13024;5,246711;43,719609;2;FR*M13*E13024*001*1;22;EF - T2;payant;24h/24 7j/7;Recharge par badge et avec une application smartphone;07/10/2020
Aix-Marseille-Provence;BOUYGUES ENERGIES ET SERVICES;MAMP;FR*M13*P13024*001;CHARLEVAL - Place André Leblanc;Place André Leblanc 13350 CHARLEVAL;13024;5,246711;43,719609;2;FR*M13*E13024*001*2;22;EF - T2;payant;24h/24 7j/7;Recharge par badge et avec une application smartphone;07/10/2020
Aix-Marseille-Provence;BOUYGUES ENERGIES ET SERVICES;MAMP;FR*M13*P13102*001;SAINT-VICTORET - Boulevard Paul Liotard;Boulevard Paul Liotard 0 SAINT-VICTORET;13102;5,24102;43,415533;2;FR*M13*E13102*001*2;22;EF - T2;payant;24h/24 7j/7;Recharge par badge et avec une application smartphone;07/10/2020
Aix-Marseille-Provence;BOUYGUES ENERGIES ET SERVICES;MAMP;FR*M13*P13102*001;SAINT-VICTORET - Boulevard Paul Liotard;Boulevard Paul Liotard 0 SAINT-VICTORET;13102;5,24102;43,415533;2;FR*M13*E13102*001*1;22;EF - T2;payant;24h/24 7j/7;Recharge par badge et avec une application smartphone;07/10/2020
Aix-Marseille-Provence;BOUYGUES ENERGIES ET SERVICES;MAMP;FR*M13*P13051*001;LANCON-PROVENCE - Rue Conseiller De Trets (Rue De Bir Hakeim);Rue Conseiller De Trets (Rue De Bir Hakeim) 13680 LANCON-PROVENCE;13051;5,123069;43,591788;0;FR*M13*E13051*001*1;22;EF - T2;payant;24h/24 7j/7;Recharge par badge et avec une application smartphone;07/10/2020
Aix-Marseille-Provence;BOUYGUES ENERGIES ET SERVICES;MAMP;FR*M13*P13051*001;LANCON-PROVENCE - Rue Conseiller De Trets (Rue De Bir Hakeim);Rue Conseiller De Trets (Rue De Bir Hakeim) 13680 LANCON-PROVENCE;13051;5,123069;43,591788;0;FR*M13*E13051*001*2;22;EF - T2;payant;24h/24 7j/7;Recharge par badge et avec une application smartphone;07/10/2020
Aix-Marseille-Provence;BOUYGUES ENERGIES ET SERVICES;MAMP;FR*M13*P13113*001;VENELLES - Avenue Maurice Plantier;Avenue Maurice Plantier 0 VENELLES;13113;5,486176;43,600001;0;FR*M13*E13113*001*1;22;EF - T2;payant;24h/24 7j/7;Recharge par badge et avec une application smartphone;07/10/2020
Aix-Marseille-Provence;BOUYGUES ENERGIES ET SERVICES;MAMP;FR*M13*P13113*001;VENELLES - Avenue Maurice Plantier;Avenue Maurice Plantier 0 VENELLES;13113;5,486176;43,600001;0;FR*M13*E13113*001*2;22;EF - T2;payant;24h/24 7j/7;Recharge par badge et avec une application smartphone;07/10/2020
Aix-Marseille-Provence;BOUYGUES ENERGIES ET SERVICES;MAMP;FR*M13*P13047*014;ISTRES - Mairie Annexe Prépaou;Mairie Annexe Prépaou 13800 ISTRES;13047;4,983332;43,494334;2;FR*M13*E13047*014*2;18;EF - T2;payant;24h/24 7j/7;Recharge par badge et avec une application smartphone;07/10/2020
Aix-Marseille-Provence;BOUYGUES ENERGIES ET SERVICES;MAMP;FR*M13*P13047*014;ISTRES - Mairie Annexe Prépaou;Mairie Annexe Prépaou 13800 ISTRES;13047;4,983332;43,494334;2;FR*M13*E13047*014*1;18;EF - T2;payant;24h/24 7j/7;Recharge par badge et avec une application smartphone;07/10/2020
Aix-Marseille-Provence;BOUYGUES ENERGIES ET SERVICES;MAMP;FR*M13*P13001*002;AIX-EN-PROVENCE - Avenue François Argo - Parking Annexe Mairie;Avenue François Argo - Parking Annexe Mairie 13100 AIX-EN-PROVENCE;13001;5,354437;43,491323;2;FR*M13*E13001*002*2;22;EF - T2;payant;24h/24 7j/7;Recharge par badge et avec une application smartphone;07/10/2020
Aix-Marseille-Provence;BOUYGUES ENERGIES ET SERVICES;MAMP;FR*M13*P13001*002;AIX-EN-PROVENCE - Avenue François Argo - Parking Annexe Mairie;Avenue François Argo - Parking Annexe Mairie 13100 AIX-EN-PROVENCE;13001;5,354437;43,491323;2;FR*M13*E13001*002*1;22;EF - T2;payant;24h/24 7j/7;Recharge par badge et avec une application smartphone;07/10/2020
Aix-Marseille-Provence;BOUYGUES ENERGIES ET SERVICES;MAMP;FR*M13*P13001*014;AIX-EN-PROVENCE - Cours Marcel Bremond;Cours Marcel Bremond 13290 AIX-EN-PROVENCE;13001;5,387851;43,50363;2;FR*M13*E13001*014*1;22;EF - T2;payant;24h/24 7j/7;Recharge par badge et avec une application smartphone;07/10/2020
Aix-Marseille-Provence;BOUYGUES ENERGIES ET SERVICES;MAMP;FR*M13*P13001*014;AIX-EN-PROVENCE - Cours Marcel Bremond;Cours Marcel Bremond 13290 AIX-EN-PROVENCE;13001;5,387851;43,50363;2;FR*M13*E13001*014*2;22;EF - T2;payant;24h/24 7j/7;Recharge par badge et avec une application smartphone;07/10/2020
Aix-Marseille-Provence;BOUYGUES ENERGIES ET SERVICES;MAMP;FR*M13*P13005*003;AUBAGNE - Centre De Vie Agora; Centre De Vie Agora 0 AUBAGNE;13005;5,603132;43,287061;0;FR*M13*E13005*003*1;22;EF - T2;payant;24h/24 7j/7;Recharge par badge et avec une application smartphone;07/10/2020
Aix-Marseille-Provence;BOUYGUES ENERGIES ET SERVICES;MAMP;FR*M13*P13005*003;AUBAGNE - Centre De Vie Agora; Centre De Vie Agora 0 AUBAGNE;13005;5,603132;43,287061;0;FR*M13*E13005*003*2;22;EF - T2;payant;24h/24 7j/7;Recharge par badge et avec une application smartphone;07/10/2020
Aix-Marseille-Provence;BOUYGUES ENERGIES ET SERVICES;MAMP;FR*M13*P13117*001;VITROLLES - Place De L'Aire;Place De L'Aire 13127 VITROLLES;13117;5,25032;43,459262;2;FR*M13*E13117*001*1;22;EF - T2;payant;24h/24 7j/7;Recharge par badge et avec une application smartphone;07/10/2020
Aix-Marseille-Provence;BOUYGUES ENERGIES ET SERVICES;MAMP;FR*M13*P13117*001;VITROLLES - Place De L'Aire;Place De L'Aire 13127 VITROLLES;13117;5,25032;43,459262;2;FR*M13*E13117*001*2;22;EF - T2;payant;24h/24 7j/7;Recharge par badge et avec une application smartphone;07/10/2020
Aix-Marseille-Provence;BOUYGUES ENERGIES ET SERVICES;MAMP;FR*M13*P13054*001;MARIGNANE - Rue De Verdun;Rue De Verdun 13700 MARIGNANE;13054;5,21803;43,416931;2;FR*M13*E13054*001*1;4;EF;payant;24h/24 7j/7;Recharge par badge et avec une application smartphone;07/10/2020
Aix-Marseille-Provence;BOUYGUES ENERGIES ET SERVICES;MAMP;FR*M13*P13054*001;MARIGNANE - Rue De Verdun;Rue De Verdun 13700 MARIGNANE;13054;5,21803;43,416931;2;FR*M13*E13054*001*2;4;EF;payant;24h/24 7j/7;Recharge par badge et avec une application smartphone;07/10/2020
Aix-Marseille-Provence;BOUYGUES ENERGIES ET SERVICES;MAMP;FR*M13*P13005*004;AUBAGNE - 1465 Route Nationnale 8, Le Charrel;1465 Route Nationnale 8, Le Charrel 0 AUBAGNE;13005;5,545049;43,284336;0;FR*M13*E13005*004*1;22;EF - T2;payant;24h/24 7j/7;Recharge par badge et avec une application smartphone;07/10/2020
Aix-Marseille-Provence;BOUYGUES ENERGIES ET SERVICES;MAMP;FR*M13*P13005*004;AUBAGNE - 1465 Route Nationnale 8, Le Charrel;1465 Route Nationnale 8, Le Charrel 0 AUBAGNE;13005;5,545049;43,284336;0;FR*M13*E13005*004*2;22;EF - T2;payant;24h/24 7j/7;Recharge par badge et avec une application smartphone;07/10/2020
Aix-Marseille-Provence;BOUYGUES ENERGIES ET SERVICES;MAMP;FR*M13*P13202*001;MARSEILLE-2E - 8 Rue De La Loge;8 Rue De La Loge 0 MARSEILLE-2E;13202;5,370829;43,296597;2;FR*M13*E13202*001*2;22;EF - T2;payant;24h/24 7j/7;Recharge par badge et avec une application smartphone;07/10/2020
Aix-Marseille-Provence;BOUYGUES ENERGIES ET SERVICES;MAMP;FR*M13*P13202*001;MARSEILLE-2E - 8 Rue De La Loge;8 Rue De La Loge 0 MARSEILLE-2E;13202;5,370829;43,296597;2;FR*M13*E13202*001*1;22;EF - T2;payant;24h/24 7j/7;Recharge par badge et avec une application smartphone;07/10/2020
Aix-Marseille-Provence;BOUYGUES ENERGIES ET SERVICES;MAMP;FR*M13*P13001*017;AIX-EN-PROVENCE - Rue André Ampère (Paap);Rue André Ampère (Paap) 13080 AIX-EN-PROVENCE;13001;5,372482;43,491885;0;FR*M13*E13001*017*1;22;EF - T2;payant;24h/24 7j/7;Recharge par badge et avec une application smartphone;07/10/2020
Aix-Marseille-Provence;BOUYGUES ENERGIES ET SERVICES;MAMP;FR*M13*P13001*017;AIX-EN-PROVENCE - Rue André Ampère (Paap);Rue André Ampère (Paap) 13080 AIX-EN-PROVENCE;13001;5,372482;43,491885;0;FR*M13*E13001*017*2;22;EF - T2;payant;24h/24 7j/7;Recharge par badge et avec une application smartphone;07/10/2020
Aix-Marseille-Provence;BOUYGUES ENERGIES ET SERVICES;MAMP;FR*M13*P13005*001;AUBAGNE - Avenue Des Surs Gastine;Avenue Des Surs Gastine 0 AUBAGNE;13005;5,56348;43,29134;0;FR*M13*E13005*001*2;22;EF - T2;payant;24h/24 7j/7;Recharge par badge et avec une application smartphone;07/10/2020
Aix-Marseille-Provence;BOUYGUES ENERGIES ET SERVICES;MAMP;FR*M13*P13005*001;AUBAGNE - Avenue Des Surs Gastine;Avenue Des Surs Gastine 0 AUBAGNE;13005;5,56348;43,29134;0;FR*M13*E13005*001*1;22;EF - T2;payant;24h/24 7j/7;Recharge par badge et avec une application smartphone;07/10/2020
Aix-Marseille-Provence;BOUYGUES ENERGIES ET SERVICES;MAMP;FR*M13*P13030*001;CUGES-LES-PINS - Chemin Du Cimetière;Chemin Du Cimetière 0 CUGES-LES-PINS;13030;5,700573;43,274927;0;FR*M13*E13030*001*1;22;EF - T2;payant;24h/24 7j/7;Recharge par badge et avec une application smartphone;07/10/2020
Aix-Marseille-Provence;BOUYGUES ENERGIES ET SERVICES;MAMP;FR*M13*P13030*001;CUGES-LES-PINS - Chemin Du Cimetière;Chemin Du Cimetière 0 CUGES-LES-PINS;13030;5,700573;43,274927;0;FR*M13*E13030*001*2;22;EF - T2;payant;24h/24 7j/7;Recharge par badge et avec une application smartphone;07/10/2020
Aix-Marseille-Provence;BOUYGUES ENERGIES ET SERVICES;MAMP;FR*M13*P13005*002;AUBAGNE - 22 Avenue De Verdun;22 Avenue De Verdun 0 AUBAGNE;13005;5,57308;43,288849;0;FR*M13*E13005*002*2;22;EF - T2;payant;24h/24 7j/7;Recharge par badge et avec une application smartphone;07/10/2020
Aix-Marseille-Provence;BOUYGUES ENERGIES ET SERVICES;MAMP;FR*M13*P13005*002;AUBAGNE - 22 Avenue De Verdun;22 Avenue De Verdun 0 AUBAGNE;13005;5,57308;43,288849;0;FR*M13*E13005*002*1;22;EF - T2;payant;24h/24 7j/7;Recharge par badge et avec une application smartphone;07/10/2020
Aix-Marseille-Provence;BOUYGUES ENERGIES ET SERVICES;MAMP;FR*M13*P13205*003;MARSEILLE-5E - Rue George;Rue George 13005 MARSEILLE-5E;13205;5,39792;43,295949;2;FR*M13*E13205*003*1;22;EF - T2;payant;24h/24 7j/7;Recharge par badge et avec une application smartphone;07/10/2020
Aix-Marseille-Provence;BOUYGUES ENERGIES ET SERVICES;MAMP;FR*M13*P13205*003;MARSEILLE-5E - Rue George;Rue George 13005 MARSEILLE-5E;13205;5,39792;43,295949;2;FR*M13*E13205*003*2;22;EF - T2;payant;24h/24 7j/7;Recharge par badge et avec une application smartphone;07/10/2020
Aix-Marseille-Provence;BOUYGUES ENERGIES ET SERVICES;MAMP;FR*M13*P13212*003;MARSEILLE-12E - 3 Avenue Des Trois Lucs;3 Avenue Des Trois Lucs 0 MARSEILLE-12E;13212;5,464186;43,312781;0;FR*M13*E13212*003*1;22;EF - T2;payant;24h/24 7j/7;Recharge par badge et avec une application smartphone;07/10/2020
Aix-Marseille-Provence;BOUYGUES ENERGIES ET SERVICES;MAMP;FR*M13*P13212*003;MARSEILLE-12E - 3 Avenue Des Trois Lucs;3 Avenue Des Trois Lucs 0 MARSEILLE-12E;13212;5,464186;43,312781;0;FR*M13*E13212*003*2;22;EF - T2;payant;24h/24 7j/7;Recharge par badge et avec une application smartphone;07/10/2020
Aix-Marseille-Provence;BOUYGUES ENERGIES ET SERVICES;MAMP;FR*M13*P13109*001;LE THOLONET - 664 Avenue Paul Julien;664 Avenue Paul Julien 0 LE THOLONET;13109;5,487714;43,510783;0;FR*M13*E13109*001*2;22;EF - T2;payant;24h/24 7j/7;Recharge par badge et avec une application smartphone;07/10/2020
Aix-Marseille-Provence;BOUYGUES ENERGIES ET SERVICES;MAMP;FR*M13*P13109*001;LE THOLONET - 664 Avenue Paul Julien;664 Avenue Paul Julien 0 LE THOLONET;13109;5,487714;43,510783;0;FR*M13*E13109*001*1;22;EF - T2;payant;24h/24 7j/7;Recharge par badge et avec une application smartphone;07/10/2020
Aix-Marseille-Provence;BOUYGUES ENERGIES ET SERVICES;MAMP;FR*M13*P13047*016;ISTRES - Complexe Sportif Davini;Complexe Sportif Davini 13800 ISTRES;13047;4,992584;43,476179;2;FR*M13*E13047*016*2;18;EF - T2;payant;24h/24 7j/7;Recharge par badge et avec une application smartphone;07/10/2020
Aix-Marseille-Provence;BOUYGUES ENERGIES ET SERVICES;MAMP;FR*M13*P13047*016;ISTRES - Complexe Sportif Davini;Complexe Sportif Davini 13800 ISTRES;13047;4,992584;43,476179;2;FR*M13*E13047*016*1;18;EF - T2;payant;24h/24 7j/7;Recharge par badge et avec une application smartphone;07/10/2020
Aix-Marseille-Provence;BOUYGUES ENERGIES ET SERVICES;MAMP;FR*M13*P13205*005;MARSEILLE-5E - Boulevard Jean Moulin (Jarret);Boulevard Jean Moulin (Jarret) 13005 MARSEILLE-5E;13205;5,400273;43,289235;2;FR*M13*E13205*005*2;22;EF - T2;payant;24h/24 7j/7;Recharge par badge et avec une application smartphone;07/10/2020
Aix-Marseille-Provence;BOUYGUES ENERGIES ET SERVICES;MAMP;FR*M13*P13205*005;MARSEILLE-5E - Boulevard Jean Moulin (Jarret);Boulevard Jean Moulin (Jarret) 13005 MARSEILLE-5E;13205;5,400273;43,289235;2;FR*M13*E13205*005*1;22;EF - T2;payant;24h/24 7j/7;Recharge par badge et avec une application smartphone;07/10/2020
Aix-Marseille-Provence;BOUYGUES ENERGIES ET SERVICES;MAMP;FR*M13*P13215*003;MARSEILLE-15E - 35 Boulevard Bernabo;35 Boulevard Bernabo 0 MARSEILLE-15E;13215;5,357061;43,338506;0;FR*M13*E13215*003*2;22;EF - T2;payant;24h/24 7j/7;Recharge par badge et avec une application smartphone;07/10/2020
Aix-Marseille-Provence;BOUYGUES ENERGIES ET SERVICES;MAMP;FR*M13*P13215*003;MARSEILLE-15E - 35 Boulevard Bernabo;35 Boulevard Bernabo 0 MARSEILLE-15E;13215;5,357061;43,338506;0;FR*M13*E13215*003*1;22;EF - T2;payant;24h/24 7j/7;Recharge par badge et avec une application smartphone;07/10/2020
